CustomerID,Age,Gender,Annual Income (k$),Spending Score (1â€“100),Membership,Country,Total_Spend,Order_Count,Customer_Lifetime_Value,Average_Order_Value,Purchase_Frequency,Segment,HighSpender
1,56,1,95,89,Basic,USA,2418,6,2418,403.0,0.10714285714285714,0,0
2,69,1,128,50,Basic,Canada,3850,25,3850,154.0,0.36231884057971014,0,1
3,46,1,54,43,Premium,Canada,4825,40,4825,120.625,0.8695652173913043,0,1
4,32,0,59,19,Gold,UK,3515,44,3515,79.88636363636364,1.375,1,1
5,60,1,76,69,Premium,India,2624,8,2624,328.0,0.13333333333333333,0,0
6,25,1,107,51,Gold,Canada,1596,47,1596,33.95744680851064,1.88,1,0
7,38,1,129,11,Gold,Germany,1942,26,1942,74.6923076923077,0.6842105263157895,0,0
8,56,0,81,12,Basic,India,565,31,565,18.225806451612904,0.5535714285714286,2,0
9,36,0,70,74,Gold,USA,3565,31,3565,115.0,0.8611111111111112,2,1
10,40,1,54,8,Gold,UK,2544,22,2544,115.63636363636364,0.55,0,0
11,28,1,112,24,Premium,USA,1495,17,1495,87.94117647058823,0.6071428571428571,1,0
12,28,1,54,92,Basic,USA,1241,34,1241,36.5,1.2142857142857142,1,0
13,41,1,105,41,Gold,India,3909,42,3909,93.07142857142857,1.024390243902439,0,1
14,53,0,47,36,Gold,USA,4744,45,4744,105.42222222222222,0.8490566037735849,2,1
15,57,0,20,85,Gold,Canada,1587,18,1587,88.16666666666667,0.3157894736842105,2,0
16,41,0,94,72,Gold,USA,875,31,875,28.225806451612904,0.7560975609756098,2,0
17,20,0,106,55,Premium,UK,3995,13,3995,307.3076923076923,0.65,2,1
18,39,1,111,9,Basic,UK,658,42,658,15.666666666666666,1.0769230769230769,1,0
19,19,1,73,47,Gold,Germany,1659,11,1659,150.8181818181818,0.5789473684210527,1,0
20,41,1,73,15,Gold,UK,2538,46,2538,55.17391304347826,1.1219512195121952,1,0
21,61,0,62,48,Premium,USA,4655,12,4655,387.9166666666667,0.19672131147540983,2,1
22,47,1,27,82,Premium,UK,2597,19,2597,136.68421052631578,0.40425531914893614,0,0
23,55,0,121,42,Basic,India,1841,47,1841,39.170212765957444,0.8545454545454545,2,0
24,19,0,59,60,Basic,UK,4854,46,4854,105.52173913043478,2.4210526315789473,1,1
25,38,1,103,84,Premium,Canada,1668,5,1668,333.6,0.13157894736842105,0,0
26,50,1,114,70,Gold,India,556,16,556,34.75,0.32,0,0
27,29,1,21,12,Premium,Germany,4859,9,4859,539.8888888888889,0.3103448275862069,0,1
28,39,0,147,2,Basic,Canada,1072,33,1072,32.484848484848484,0.8461538461538461,1,0
29,61,1,59,7,Gold,USA,3627,40,3627,90.675,0.6557377049180327,0,1
30,42,0,72,80,Premium,USA,601,13,601,46.23076923076923,0.30952380952380953,2,0
31,66,1,45,3,Premium,USA,3306,38,3306,87.0,0.5757575757575758,0,1
32,44,0,37,3,Basic,Canada,3074,15,3074,204.93333333333334,0.3409090909090909,2,1
33,59,0,121,27,Gold,Canada,3176,34,3176,93.41176470588235,0.576271186440678,2,1
34,45,1,53,40,Gold,Canada,3094,35,3094,88.4,0.7777777777777778,0,1
35,33,0,96,33,Basic,India,572,28,572,20.428571428571427,0.8484848484848485,1,0
36,32,0,114,92,Gold,India,3477,32,3477,108.65625,1.0,1,1
37,64,1,16,1,Gold,USA,3005,5,3005,601.0,0.078125,0,1
38,68,0,91,8,Premium,UK,4728,17,4728,278.11764705882354,0.25,2,1
39,61,1,26,32,Gold,USA,4260,10,4260,426.0,0.16393442622950818,0,1
40,69,0,53,48,Basic,Germany,1180,48,1180,24.583333333333332,0.6956521739130435,2,0
41,20,1,27,4,Basic,India,3990,16,3990,249.375,0.8,1,1
42,54,1,60,94,Gold,Canada,4383,34,4383,128.91176470588235,0.6296296296296297,0,1
43,68,0,127,70,Basic,India,4352,31,4352,140.38709677419354,0.45588235294117646,2,1
44,24,0,31,19,Premium,Canada,2827,11,2827,257.0,0.4583333333333333,2,1
45,38,0,118,32,Basic,Germany,3488,22,3488,158.54545454545453,0.5789473684210527,2,1
46,26,0,112,9,Premium,Germany,1781,47,1781,37.8936170212766,1.8076923076923077,1,0
47,56,0,102,12,Premium,India,4700,38,4700,123.6842105263158,0.6785714285714286,2,1
48,35,1,123,11,Gold,Canada,3573,38,3573,94.02631578947368,1.0857142857142856,1,1
49,21,0,84,46,Premium,Germany,4997,11,4997,454.27272727272725,0.5238095238095238,2,1
50,42,1,88,16,Premium,USA,1225,31,1225,39.516129032258064,0.7380952380952381,0,0
51,31,1,77,1,Gold,USA,4403,42,4403,104.83333333333333,1.3548387096774193,1,1
52,67,0,74,63,Basic,Canada,3884,49,3884,79.26530612244898,0.7313432835820896,2,1
53,26,1,93,21,Gold,India,1614,21,1614,76.85714285714286,0.8076923076923077,1,0
54,43,1,51,30,Gold,Germany,1869,8,1869,233.625,0.18604651162790697,0,0
55,19,1,36,13,Premium,India,1550,13,1550,119.23076923076923,0.6842105263157895,1,0
56,37,1,110,34,Gold,USA,773,27,773,28.62962962962963,0.7297297297297297,1,0
57,45,0,82,4,Premium,Germany,2317,15,2317,154.46666666666667,0.3333333333333333,2,0
58,64,1,31,28,Gold,India,4430,43,4430,103.02325581395348,0.671875,0,1
59,24,0,26,95,Basic,UK,4194,27,4194,155.33333333333334,1.125,1,1
60,61,0,132,59,Premium,Canada,4880,26,4880,187.69230769230768,0.4262295081967213,2,1
61,25,1,36,27,Gold,Canada,2740,13,2740,210.76923076923077,0.52,0,1
62,64,0,134,69,Basic,UK,3059,24,3059,127.45833333333333,0.375,2,1
63,52,0,64,25,Gold,USA,2373,38,2373,62.44736842105263,0.7307692307692307,2,0
64,31,0,28,3,Basic,Germany,2868,13,2868,220.6153846153846,0.41935483870967744,2,1
65,34,1,43,97,Gold,Canada,1094,9,1094,121.55555555555556,0.2647058823529412,0,0
66,53,0,139,68,Gold,UK,557,43,557,12.953488372093023,0.8113207547169812,2,0
67,67,0,21,25,Gold,UK,2958,36,2958,82.16666666666667,0.5373134328358209,2,1
68,57,0,43,20,Premium,USA,2873,42,2873,68.4047619047619,0.7368421052631579,2,1
69,21,1,47,34,Gold,USA,1287,31,1287,41.516129032258064,1.4761904761904763,1,0
70,19,0,148,26,Basic,India,802,11,802,72.9090909090909,0.5789473684210527,1,0
71,23,1,125,5,Gold,Canada,2040,17,2040,120.0,0.7391304347826086,1,0
72,59,1,93,99,Premium,India,4381,39,4381,112.33333333333333,0.6610169491525424,0,1
73,21,1,72,61,Basic,UK,3004,33,3004,91.03030303030303,1.5714285714285714,1,1
74,46,1,40,92,Basic,Germany,4376,6,4376,729.3333333333334,0.13043478260869565,0,1
75,35,1,43,93,Basic,Germany,3564,10,3564,356.4,0.2857142857142857,0,1
76,43,1,18,9,Basic,USA,1443,43,1443,33.55813953488372,1.0,1,0
77,61,0,113,50,Premium,Germany,1230,17,1230,72.3529411764706,0.2786885245901639,2,0
78,51,1,53,6,Gold,Germany,1677,14,1677,119.78571428571429,0.27450980392156865,0,0
79,27,0,29,83,Basic,Germany,913,31,913,29.451612903225808,1.1481481481481481,1,0
80,53,0,133,60,Gold,UK,2051,37,2051,55.432432432432435,0.6981132075471698,2,0
81,31,1,43,44,Basic,Germany,4612,17,4612,271.29411764705884,0.5483870967741935,0,1
82,48,0,89,11,Premium,Germany,3376,45,3376,75.02222222222223,0.9375,2,1
83,65,0,130,66,Premium,Germany,719,44,719,16.34090909090909,0.676923076923077,2,0
84,32,0,46,47,Basic,India,1433,14,1433,102.35714285714286,0.4375,2,0
85,25,0,144,73,Premium,UK,3081,22,3081,140.04545454545453,0.88,1,1
86,31,1,98,85,Premium,USA,2467,25,2467,98.68,0.8064516129032258,1,0
87,40,0,36,88,Basic,India,3329,47,3329,70.82978723404256,1.175,1,1
88,57,1,41,98,Basic,Canada,4933,8,4933,616.625,0.14035087719298245,0,1
89,38,0,95,86,Gold,UK,1337,38,1337,35.18421052631579,1.0,1,0
90,33,0,140,3,Premium,UK,3548,8,3548,443.5,0.24242424242424243,2,1
91,62,1,106,76,Premium,Canada,4852,36,4852,134.77777777777777,0.5806451612903226,0,1
92,35,0,35,92,Premium,Canada,2510,45,2510,55.77777777777778,1.2857142857142858,1,0
93,64,0,61,30,Premium,Canada,4687,35,4687,133.9142857142857,0.546875,2,1
94,41,0,115,90,Gold,USA,2840,23,2840,123.47826086956522,0.5609756097560976,2,1
95,43,1,98,21,Premium,Germany,2492,12,2492,207.66666666666666,0.27906976744186046,0,0
96,42,0,20,28,Premium,UK,1191,34,1191,35.029411764705884,0.8095238095238095,2,0
97,62,1,145,90,Basic,Germany,3047,37,3047,82.35135135135135,0.5967741935483871,0,1
98,58,0,15,62,Gold,Germany,1136,20,1136,56.8,0.3448275862068966,2,0
99,46,1,72,33,Premium,Canada,1486,26,1486,57.15384615384615,0.5652173913043478,0,0
100,32,1,138,85,Basic,USA,3715,26,3715,142.8846153846154,0.8125,0,1
101,62,0,29,35,Premium,India,4491,48,4491,93.5625,0.7741935483870968,2,1
102,18,0,78,52,Basic,USA,4674,7,4674,667.7142857142857,0.3888888888888889,2,1
103,42,1,39,34,Gold,Germany,1862,36,1862,51.72222222222222,0.8571428571428571,0,0
104,24,1,38,41,Premium,USA,1104,21,1104,52.57142857142857,0.875,1,0
105,26,0,26,51,Basic,Canada,3555,8,3555,444.375,0.3076923076923077,2,1
106,41,1,32,47,Basic,India,1454,24,1454,60.583333333333336,0.5853658536585366,0,0
107,18,0,29,82,Gold,Canada,2355,45,2355,52.333333333333336,2.5,1,0
108,61,0,41,58,Premium,India,1140,7,1140,162.85714285714286,0.11475409836065574,2,0
109,25,0,86,75,Basic,Germany,1225,21,1225,58.333333333333336,0.84,1,0
110,41,0,74,57,Premium,India,4607,34,4607,135.5,0.8292682926829268,2,1
111,28,1,107,23,Basic,India,2231,47,2231,47.46808510638298,1.6785714285714286,1,0
112,68,0,67,48,Premium,India,1821,17,1821,107.11764705882354,0.25,2,0
113,34,1,22,22,Premium,USA,974,49,974,19.877551020408163,1.4411764705882353,1,0
114,25,0,93,17,Gold,USA,1583,7,1583,226.14285714285714,0.28,2,0
115,52,1,41,69,Gold,Germany,1682,32,1682,52.5625,0.6153846153846154,0,0
116,52,0,64,11,Gold,India,2249,32,2249,70.28125,0.6153846153846154,2,0
117,50,1,145,94,Gold,UK,4828,32,4828,150.875,0.64,0,1
118,22,1,107,15,Basic,Germany,565,21,565,26.904761904761905,0.9545454545454546,1,0
119,59,0,38,91,Basic,India,3243,24,3243,135.125,0.4067796610169492,2,1
120,56,0,74,35,Basic,India,4647,16,4647,290.4375,0.2857142857142857,2,1
121,58,0,136,33,Gold,USA,803,34,803,23.61764705882353,0.5862068965517241,2,0
122,45,0,145,84,Basic,Germany,4056,17,4056,238.58823529411765,0.37777777777777777,2,1
123,24,1,60,16,Gold,India,2582,30,2582,86.06666666666666,1.25,1,0
124,26,0,29,34,Premium,India,1879,49,1879,38.3469387755102,1.8846153846153846,1,0
125,25,1,31,66,Basic,Germany,2285,45,2285,50.77777777777778,1.8,1,0
126,29,1,140,99,Gold,UK,4833,19,4833,254.3684210526316,0.6551724137931034,0,1
127,51,0,98,40,Gold,Germany,1593,16,1593,99.5625,0.3137254901960784,2,0
128,50,1,23,28,Premium,Germany,3340,24,3340,139.16666666666666,0.48,0,1
129,65,1,77,47,Premium,UK,3871,48,3871,80.64583333333333,0.7384615384615385,0,1
130,40,1,131,39,Premium,Germany,2548,13,2548,196.0,0.325,0,0
131,41,1,144,70,Premium,India,3493,48,3493,72.77083333333333,1.170731707317073,1,1
132,54,0,102,73,Basic,Germany,2741,24,2741,114.20833333333333,0.4444444444444444,2,1
133,52,0,86,20,Premium,UK,4417,28,4417,157.75,0.5384615384615384,2,1
134,61,0,78,1,Premium,Canada,3457,46,3457,75.15217391304348,0.7540983606557377,2,1
135,57,0,86,72,Basic,Germany,4981,23,4981,216.56521739130434,0.40350877192982454,2,1
136,39,1,35,87,Premium,USA,675,8,675,84.375,0.20512820512820512,0,0
137,44,1,32,63,Basic,India,4766,20,4766,238.3,0.45454545454545453,0,1
138,52,0,78,67,Gold,India,2234,49,2234,45.59183673469388,0.9423076923076923,2,0
139,18,0,96,4,Basic,USA,2313,17,2313,136.05882352941177,0.9444444444444444,1,0
140,52,0,124,58,Gold,USA,4683,7,4683,669.0,0.1346153846153846,2,1
141,54,1,109,25,Gold,Germany,1835,17,1835,107.94117647058823,0.3148148148148148,0,0
142,64,0,46,47,Gold,USA,2520,30,2520,84.0,0.46875,2,0
143,31,0,25,38,Gold,Canada,3467,16,3467,216.6875,0.5161290322580645,2,1
144,20,0,59,15,Basic,UK,984,26,984,37.84615384615385,1.3,1,0
145,18,1,47,63,Premium,USA,4203,27,4203,155.66666666666666,1.5,1,1
146,22,1,116,21,Basic,USA,1166,47,1166,24.80851063829787,2.1363636363636362,1,0
147,43,1,25,99,Gold,Canada,1082,31,1082,34.903225806451616,0.7209302325581395,0,0
148,31,1,102,57,Premium,India,3402,30,3402,113.4,0.967741935483871,1,1
149,56,1,55,53,Premium,India,2391,40,2391,59.775,0.7142857142857143,0,0
150,44,1,90,46,Gold,Germany,1220,6,1220,203.33333333333334,0.13636363636363635,0,0
151,26,1,135,14,Premium,Canada,3648,9,3648,405.3333333333333,0.34615384615384615,0,1
152,32,1,60,100,Premium,UK,505,6,505,84.16666666666667,0.1875,0,0
153,32,0,94,76,Premium,UK,2400,19,2400,126.3157894736842,0.59375,2,0
154,43,0,68,17,Gold,Canada,2195,24,2195,91.45833333333333,0.5581395348837209,2,0
155,59,1,100,39,Basic,UK,3980,19,3980,209.47368421052633,0.3220338983050847,0,1
156,30,1,106,9,Basic,India,3848,9,3848,427.55555555555554,0.3,0,1
157,68,0,111,99,Basic,UK,1275,47,1275,27.127659574468087,0.6911764705882353,2,0
158,49,1,16,77,Gold,UK,2886,15,2886,192.4,0.30612244897959184,0,1
159,56,1,47,79,Basic,Canada,3752,43,3752,87.25581395348837,0.7678571428571429,0,1
160,66,1,91,82,Gold,Canada,4039,8,4039,504.875,0.12121212121212122,0,1
161,69,0,130,97,Basic,UK,1212,29,1212,41.793103448275865,0.42028985507246375,2,0
162,49,0,117,6,Basic,USA,1179,14,1179,84.21428571428571,0.2857142857142857,2,0
163,21,0,117,91,Premium,Canada,3753,6,3753,625.5,0.2857142857142857,2,1
164,47,0,104,23,Gold,Germany,2533,13,2533,194.84615384615384,0.2765957446808511,2,0
165,54,0,136,59,Basic,Germany,2976,46,2976,64.69565217391305,0.8518518518518519,2,1
166,40,1,120,91,Premium,India,2935,43,2935,68.25581395348837,1.075,1,1
167,56,0,133,98,Basic,UK,2783,20,2783,139.15,0.35714285714285715,2,1
168,62,1,63,46,Gold,USA,3659,26,3659,140.73076923076923,0.41935483870967744,0,1
169,32,1,118,38,Premium,India,2658,15,2658,177.2,0.46875,0,0
170,60,0,75,14,Basic,UK,1404,7,1404,200.57142857142858,0.11666666666666667,2,0
171,46,0,137,100,Premium,Canada,2460,10,2460,246.0,0.21739130434782608,2,0
172,53,1,148,72,Gold,Germany,3479,47,3479,74.02127659574468,0.8867924528301887,0,1
173,30,1,23,62,Gold,USA,1826,46,1826,39.69565217391305,1.5333333333333334,1,0
174,49,1,20,35,Basic,Germany,885,32,885,27.65625,0.6530612244897959,0,0
175,24,0,87,19,Basic,Canada,1810,26,1810,69.61538461538461,1.0833333333333333,1,0
176,68,0,117,30,Premium,UK,1129,20,1129,56.45,0.29411764705882354,2,0
177,39,0,55,78,Basic,Canada,1852,34,1852,54.470588235294116,0.8717948717948718,2,0
178,45,0,128,84,Gold,Canada,1337,21,1337,63.666666666666664,0.4666666666666667,2,0
179,19,0,22,25,Gold,Germany,4343,30,4343,144.76666666666668,1.5789473684210527,1,1
180,59,1,86,40,Gold,USA,1385,23,1385,60.21739130434783,0.3898305084745763,0,0
181,62,0,106,88,Basic,Canada,4746,25,4746,189.84,0.4032258064516129,2,1
182,23,1,76,14,Basic,Germany,1810,49,1810,36.93877551020408,2.130434782608696,1,0
183,45,1,98,26,Gold,USA,2288,22,2288,104.0,0.4888888888888889,0,0
184,45,1,76,87,Basic,UK,4650,9,4650,516.6666666666666,0.2,0,1
185,61,0,125,22,Basic,UK,2965,11,2965,269.54545454545456,0.18032786885245902,2,1
186,61,0,141,48,Basic,India,1310,29,1310,45.172413793103445,0.47540983606557374,2,0
187,37,0,21,83,Gold,Germany,3483,40,3483,87.075,1.0810810810810811,1,1
188,47,1,98,51,Premium,USA,3197,24,3197,133.20833333333334,0.5106382978723404,0,1
189,28,1,146,3,Basic,Canada,4594,9,4594,510.44444444444446,0.32142857142857145,0,1
190,45,1,148,42,Basic,UK,4300,22,4300,195.45454545454547,0.4888888888888889,0,1
191,42,1,72,19,Basic,USA,1586,8,1586,198.25,0.19047619047619047,0,0
192,56,1,36,73,Gold,Germany,2128,16,2128,133.0,0.2857142857142857,0,0
193,50,1,141,28,Gold,India,4625,14,4625,330.35714285714283,0.28,0,1
194,18,0,17,84,Gold,UK,2841,24,2841,118.375,1.3333333333333333,1,1
195,44,0,141,45,Premium,USA,4702,12,4702,391.8333333333333,0.2727272727272727,2,1
196,69,0,55,71,Gold,USA,825,44,825,18.75,0.6376811594202898,2,0
197,30,0,120,78,Premium,USA,1536,34,1536,45.1764705882353,1.1333333333333333,1,0
198,58,1,28,63,Premium,Germany,2813,49,2813,57.40816326530612,0.8448275862068966,0,1
199,20,1,26,73,Basic,Germany,3864,19,3864,203.3684210526316,0.95,1,1
200,56,0,101,19,Basic,Germany,4898,19,4898,257.7894736842105,0.3392857142857143,2,1
201,23,1,26,47,Basic,Canada,3112,16,3112,194.5,0.6956521739130435,0,1
202,25,0,39,14,Basic,USA,4563,11,4563,414.8181818181818,0.44,2,1
203,44,0,59,38,Premium,UK,2477,49,2477,50.55102040816327,1.1136363636363635,1,0
204,26,0,136,53,Gold,Germany,4203,13,4203,323.3076923076923,0.5,2,1
205,54,1,69,61,Basic,Germany,2888,10,2888,288.8,0.18518518518518517,0,1
206,50,0,114,36,Premium,USA,2430,11,2430,220.9090909090909,0.22,2,0
207,68,0,133,40,Gold,Germany,1262,21,1262,60.095238095238095,0.3088235294117647,2,0
208,59,0,67,81,Basic,Canada,2285,10,2285,228.5,0.1694915254237288,2,0
209,61,1,46,30,Basic,Canada,3595,14,3595,256.7857142857143,0.22950819672131148,0,1
210,41,1,65,9,Gold,Germany,2650,31,2650,85.48387096774194,0.7560975609756098,0,0
211,32,0,58,64,Premium,USA,2495,38,2495,65.65789473684211,1.1875,1,0
212,49,1,96,33,Basic,USA,1764,18,1764,98.0,0.3673469387755102,0,0
213,49,1,51,52,Basic,USA,2014,12,2014,167.83333333333334,0.24489795918367346,0,0
214,41,1,110,89,Gold,India,3012,20,3012,150.6,0.4878048780487805,0,1
215,58,1,70,14,Basic,Germany,2948,37,2948,79.67567567567568,0.6379310344827587,0,1
216,69,1,119,75,Gold,USA,885,42,885,21.071428571428573,0.6086956521739131,0,0
217,66,1,73,53,Gold,Canada,1885,18,1885,104.72222222222223,0.2727272727272727,0,0
218,66,1,145,99,Basic,UK,1257,6,1257,209.5,0.09090909090909091,0,0
219,69,1,49,59,Premium,UK,3180,27,3180,117.77777777777777,0.391304347826087,0,1
220,29,1,107,78,Gold,USA,545,16,545,34.0625,0.5517241379310345,1,0
221,56,1,111,94,Basic,UK,4684,40,4684,117.1,0.7142857142857143,0,1
222,19,0,149,41,Gold,UK,4259,44,4259,96.79545454545455,2.3157894736842106,1,1
223,20,0,90,68,Premium,India,2230,38,2230,58.68421052631579,1.9,1,0
224,66,1,63,68,Gold,Canada,3279,15,3279,218.6,0.22727272727272727,0,1
225,54,0,108,92,Basic,Canada,3823,11,3823,347.54545454545456,0.2037037037037037,2,1
226,66,0,38,8,Premium,India,4485,9,4485,498.3333333333333,0.13636363636363635,2,1
227,34,1,51,2,Gold,India,3402,35,3402,97.2,1.0294117647058822,1,1
228,66,1,18,86,Basic,UK,2283,30,2283,76.1,0.45454545454545453,0,0
229,19,1,122,41,Basic,Germany,4844,33,4844,146.78787878787878,1.736842105263158,1,1
230,19,0,140,55,Basic,UK,2724,33,2724,82.54545454545455,1.736842105263158,1,1
231,45,0,34,16,Premium,India,3542,33,3542,107.33333333333333,0.7333333333333333,2,1
232,40,1,64,93,Basic,Canada,2187,9,2187,243.0,0.225,0,0
233,54,1,110,62,Basic,UK,546,23,546,23.73913043478261,0.42592592592592593,0,0
234,49,1,119,48,Premium,Germany,3136,16,3136,196.0,0.32653061224489793,0,1
235,50,0,131,30,Basic,UK,4587,36,4587,127.41666666666667,0.72,2,1
236,18,0,112,12,Basic,USA,2999,30,2999,99.96666666666667,1.6666666666666667,1,1
237,36,0,80,35,Basic,UK,3773,21,3773,179.66666666666666,0.5833333333333334,2,1
238,19,0,93,11,Basic,India,792,8,792,99.0,0.42105263157894735,1,0
239,61,1,20,64,Basic,Canada,2097,31,2097,67.64516129032258,0.5081967213114754,0,0
240,43,1,53,50,Gold,Canada,2281,18,2281,126.72222222222223,0.4186046511627907,0,0
241,49,1,129,85,Basic,India,711,49,711,14.510204081632653,1.0,1,0
242,23,1,139,21,Basic,USA,3502,33,3502,106.12121212121212,1.434782608695652,1,1
243,49,0,26,69,Premium,India,3450,46,3450,75.0,0.9387755102040817,2,1
244,21,0,145,48,Gold,UK,1443,35,1443,41.22857142857143,1.6666666666666667,1,0
245,28,1,32,20,Gold,India,1914,38,1914,50.36842105263158,1.3571428571428572,1,0
246,34,1,54,67,Gold,India,4427,29,4427,152.6551724137931,0.8529411764705882,0,1
247,55,0,35,44,Basic,USA,2309,30,2309,76.96666666666667,0.5454545454545454,2,0
248,41,1,113,33,Gold,UK,2972,17,2972,174.8235294117647,0.4146341463414634,0,1
249,22,0,40,73,Gold,Germany,2147,19,2147,113.0,0.8636363636363636,1,0
250,69,1,22,61,Basic,Germany,2091,15,2091,139.4,0.21739130434782608,0,0
251,51,1,114,9,Premium,Canada,2862,45,2862,63.6,0.8823529411764706,0,1
252,23,1,101,68,Basic,India,1542,15,1542,102.8,0.6521739130434783,1,0
253,39,1,56,35,Premium,Canada,3737,34,3737,109.91176470588235,0.8717948717948718,0,1
254,28,1,28,81,Basic,USA,3051,47,3051,64.91489361702128,1.6785714285714286,1,1
255,65,1,92,98,Premium,Germany,3583,46,3583,77.8913043478261,0.7076923076923077,0,1
256,33,1,16,88,Gold,India,1618,28,1618,57.785714285714285,0.8484848484848485,1,0
257,50,0,133,96,Premium,USA,3270,12,3270,272.5,0.24,2,1
258,26,0,51,65,Basic,USA,1690,30,1690,56.333333333333336,1.1538461538461537,1,0
259,23,0,83,8,Gold,India,1114,16,1114,69.625,0.6956521739130435,1,0
260,33,0,55,45,Gold,USA,1057,27,1057,39.148148148148145,0.8181818181818182,1,0
261,46,0,76,87,Gold,India,1111,36,1111,30.86111111111111,0.782608695652174,2,0
262,20,1,74,47,Gold,India,3857,23,3857,167.69565217391303,1.15,1,1
263,37,1,139,40,Gold,UK,3951,17,3951,232.41176470588235,0.4594594594594595,0,1
264,53,0,125,76,Gold,Canada,4561,25,4561,182.44,0.4716981132075472,2,1
265,36,1,28,54,Basic,USA,1429,46,1429,31.065217391304348,1.2777777777777777,1,0
266,43,0,98,76,Gold,USA,3853,23,3853,167.52173913043478,0.5348837209302325,2,1
267,20,0,144,46,Basic,UK,3997,43,3997,92.95348837209302,2.15,1,1
268,36,1,84,47,Premium,UK,1495,38,1495,39.3421052631579,1.0555555555555556,1,0
269,37,1,137,15,Gold,UK,3309,10,3309,330.9,0.2702702702702703,0,1
270,49,1,103,19,Premium,Germany,3959,5,3959,791.8,0.10204081632653061,0,1
271,24,0,42,26,Basic,Germany,1314,39,1314,33.69230769230769,1.625,1,0
272,69,1,80,52,Premium,Germany,1502,10,1502,150.2,0.14492753623188406,0,0
273,58,0,19,93,Premium,India,1312,20,1312,65.6,0.3448275862068966,2,0
274,50,0,59,22,Gold,USA,4110,37,4110,111.08108108108108,0.74,2,1
275,57,0,61,21,Gold,Canada,609,7,609,87.0,0.12280701754385964,2,0
276,56,1,45,51,Basic,India,3885,36,3885,107.91666666666667,0.6428571428571429,0,1
277,35,1,24,38,Premium,USA,3844,32,3844,120.125,0.9142857142857143,0,1
278,57,0,132,20,Gold,USA,968,38,968,25.473684210526315,0.6666666666666666,2,0
279,18,1,28,29,Basic,UK,3261,25,3261,130.44,1.3888888888888888,1,1
280,28,1,94,51,Basic,UK,2636,47,2636,56.08510638297872,1.6785714285714286,1,0
281,45,1,107,4,Premium,India,2475,45,2475,55.0,1.0,0,0
282,42,0,24,55,Premium,UK,4764,42,4764,113.42857142857143,1.0,2,1
283,67,0,90,71,Premium,USA,1632,25,1632,65.28,0.373134328358209,2,0
284,40,1,108,92,Gold,UK,1455,41,1455,35.48780487804878,1.025,1,0
285,48,0,119,28,Basic,Germany,900,43,900,20.930232558139537,0.8958333333333334,2,0
286,47,1,15,4,Basic,UK,978,12,978,81.5,0.2553191489361702,0,0
287,59,1,147,22,Basic,USA,2069,13,2069,159.15384615384616,0.22033898305084745,0,0
288,52,1,34,76,Basic,India,3671,47,3671,78.1063829787234,0.9038461538461539,0,1
289,24,1,22,45,Basic,Canada,2715,48,2715,56.5625,2.0,1,1
290,33,0,15,67,Basic,UK,1809,12,1809,150.75,0.36363636363636365,2,0
291,43,0,71,86,Gold,USA,4766,42,4766,113.47619047619048,0.9767441860465116,2,1
292,65,0,78,66,Premium,Canada,3057,37,3057,82.62162162162163,0.5692307692307692,2,1
293,69,1,132,88,Gold,Canada,4788,10,4788,478.8,0.14492753623188406,0,1
294,66,1,42,34,Premium,Germany,1679,12,1679,139.91666666666666,0.18181818181818182,0,0
295,19,1,135,91,Gold,Canada,1883,30,1883,62.766666666666666,1.5789473684210527,1,0
296,18,0,121,55,Basic,USA,4870,26,4870,187.30769230769232,1.4444444444444444,1,1
297,65,1,63,1,Basic,USA,544,45,544,12.088888888888889,0.6923076923076923,0,0
298,29,0,134,72,Basic,UK,1923,28,1923,68.67857142857143,0.9655172413793104,1,0
299,22,0,58,87,Basic,UK,1136,32,1136,35.5,1.4545454545454546,1,0
300,54,0,70,38,Gold,UK,3548,25,3548,141.92,0.46296296296296297,2,1
301,49,0,125,6,Basic,Canada,1031,12,1031,85.91666666666667,0.24489795918367346,2,0
302,26,0,148,86,Basic,Canada,2142,24,2142,89.25,0.9230769230769231,1,0
303,58,0,122,25,Basic,Germany,2657,24,2657,110.70833333333333,0.41379310344827586,2,0
304,52,1,128,82,Premium,UK,3062,30,3062,102.06666666666666,0.5769230769230769,0,1
305,36,1,92,17,Premium,India,1847,13,1847,142.07692307692307,0.3611111111111111,0,0
306,65,0,144,61,Gold,Germany,2571,9,2571,285.6666666666667,0.13846153846153847,2,0
307,33,0,51,12,Basic,India,4640,32,4640,145.0,0.9696969696969697,2,1
308,20,1,34,6,Premium,Canada,908,12,908,75.66666666666667,0.6,1,0
309,37,0,40,90,Premium,Germany,3616,48,3616,75.33333333333333,1.2972972972972974,1,1
310,41,0,43,27,Gold,Germany,3249,32,3249,101.53125,0.7804878048780488,2,1
311,50,1,15,8,Premium,USA,1805,26,1805,69.42307692307692,0.52,0,0
312,41,0,133,83,Basic,Canada,1382,15,1382,92.13333333333334,0.36585365853658536,2,0
313,69,0,49,65,Premium,Canada,1673,42,1673,39.833333333333336,0.6086956521739131,2,0
314,28,0,73,57,Premium,Germany,3182,27,3182,117.85185185185185,0.9642857142857143,1,1
315,66,1,83,93,Basic,Canada,1167,19,1167,61.421052631578945,0.2878787878787879,0,0
316,25,1,26,99,Gold,Germany,2464,15,2464,164.26666666666668,0.6,0,0
317,53,1,34,40,Premium,USA,2430,45,2430,54.0,0.8490566037735849,0,0
318,55,0,57,14,Basic,Germany,4544,20,4544,227.2,0.36363636363636365,2,1
319,57,0,140,35,Gold,Canada,2207,24,2207,91.95833333333333,0.42105263157894735,2,0
320,37,1,64,48,Premium,Canada,4850,39,4850,124.35897435897436,1.054054054054054,0,1
321,52,0,43,84,Gold,Germany,4744,30,4744,158.13333333333333,0.5769230769230769,2,1
322,65,0,53,56,Basic,Germany,1520,15,1520,101.33333333333333,0.23076923076923078,2,0
323,42,0,52,49,Gold,Germany,2362,47,2362,50.255319148936174,1.119047619047619,1,0
324,52,0,98,13,Basic,UK,3039,21,3039,144.71428571428572,0.40384615384615385,2,1
325,42,0,142,61,Gold,Canada,2808,27,2808,104.0,0.6428571428571429,2,1
326,46,1,140,49,Basic,Canada,669,18,669,37.166666666666664,0.391304347826087,0,0
327,35,0,59,46,Gold,UK,3502,17,3502,206.0,0.4857142857142857,2,1
328,63,1,66,62,Gold,Germany,1632,41,1632,39.80487804878049,0.6507936507936508,0,0
329,35,0,94,8,Gold,USA,514,34,514,15.117647058823529,0.9714285714285714,1,0
330,19,1,138,43,Gold,Germany,4937,22,4937,224.4090909090909,1.1578947368421053,1,1
331,52,0,133,20,Gold,Germany,2767,24,2767,115.29166666666667,0.46153846153846156,2,1
332,33,1,22,97,Gold,UK,4804,11,4804,436.72727272727275,0.3333333333333333,0,1
333,58,0,99,90,Basic,Canada,2707,30,2707,90.23333333333333,0.5172413793103449,2,0
334,53,1,143,39,Gold,Germany,2937,26,2937,112.96153846153847,0.49056603773584906,0,1
335,50,0,22,85,Basic,Canada,3903,10,3903,390.3,0.2,2,1
336,21,1,110,49,Premium,India,4416,23,4416,192.0,1.0952380952380953,1,1
337,50,0,116,64,Basic,Canada,1582,32,1582,49.4375,0.64,2,0
338,31,1,19,62,Gold,USA,4224,18,4224,234.66666666666666,0.5806451612903226,0,1
339,38,1,100,54,Gold,USA,844,22,844,38.36363636363637,0.5789473684210527,0,0
340,65,0,48,9,Gold,Germany,1595,33,1595,48.333333333333336,0.5076923076923077,2,0
341,37,0,69,88,Basic,Canada,1917,27,1917,71.0,0.7297297297297297,2,0
342,25,1,133,37,Gold,Germany,2907,13,2907,223.6153846153846,0.52,0,1
343,24,0,128,49,Gold,UK,2920,47,2920,62.12765957446808,1.9583333333333333,1,1
344,20,1,40,41,Gold,USA,3539,24,3539,147.45833333333334,1.2,1,1
345,34,1,61,17,Basic,Germany,1871,45,1871,41.577777777777776,1.3235294117647058,1,0
346,50,1,127,88,Gold,UK,4549,49,4549,92.83673469387755,0.98,0,1
347,65,0,90,21,Gold,Germany,530,47,530,11.27659574468085,0.7230769230769231,2,0
348,29,1,86,51,Gold,Canada,2253,19,2253,118.57894736842105,0.6551724137931034,0,0
349,68,1,103,59,Gold,Canada,3879,36,3879,107.75,0.5294117647058824,0,1
350,39,0,60,39,Gold,Canada,1833,40,1833,45.825,1.0256410256410255,1,0
351,39,0,47,55,Basic,Canada,1130,36,1130,31.38888888888889,0.9230769230769231,1,0
352,63,0,15,41,Basic,India,1834,35,1834,52.4,0.5555555555555556,2,0
353,47,0,45,39,Basic,UK,1373,46,1373,29.847826086956523,0.9787234042553191,2,0
354,55,1,67,13,Basic,UK,4839,27,4839,179.22222222222223,0.4909090909090909,0,1
355,55,1,62,64,Gold,Canada,2951,13,2951,227.0,0.23636363636363636,0,1
356,62,1,83,11,Gold,India,1404,37,1404,37.945945945945944,0.5967741935483871,0,0
357,68,1,119,19,Basic,Canada,4659,42,4659,110.92857142857143,0.6176470588235294,0,1
358,25,0,104,11,Premium,India,1871,35,1871,53.457142857142856,1.4,1,0
359,44,1,77,77,Basic,Canada,955,10,955,95.5,0.22727272727272727,0,0
360,44,1,87,46,Premium,USA,2907,32,2907,90.84375,0.7272727272727273,0,1
361,51,0,103,45,Gold,USA,1560,44,1560,35.45454545454545,0.8627450980392157,2,0
362,38,1,27,1,Basic,Germany,1566,30,1566,52.2,0.7894736842105263,0,0
363,47,1,87,40,Basic,Canada,1163,7,1163,166.14285714285714,0.14893617021276595,0,0
364,50,1,91,19,Gold,UK,1860,35,1860,53.142857142857146,0.7,0,0
365,45,1,82,76,Basic,Germany,1255,10,1255,125.5,0.2222222222222222,0,0
366,64,1,112,72,Premium,USA,4543,24,4543,189.29166666666666,0.375,0,1
367,50,1,139,72,Gold,Canada,2132,11,2132,193.8181818181818,0.22,0,0
368,22,0,116,61,Premium,Germany,3251,15,3251,216.73333333333332,0.6818181818181818,2,1
369,65,0,146,12,Basic,Canada,2008,35,2008,57.371428571428574,0.5384615384615384,2,0
370,36,1,116,61,Gold,USA,1641,47,1641,34.91489361702128,1.3055555555555556,1,0
371,21,1,33,33,Gold,Germany,4728,26,4728,181.84615384615384,1.2380952380952381,1,1
372,52,0,96,45,Gold,USA,1286,42,1286,30.61904761904762,0.8076923076923077,2,0
373,66,1,37,90,Basic,India,2356,11,2356,214.1818181818182,0.16666666666666666,0,0
374,34,1,97,92,Gold,USA,1176,40,1176,29.4,1.1764705882352942,1,0
375,61,1,123,69,Gold,Canada,988,37,988,26.7027027027027,0.6065573770491803,0,0
376,45,0,89,8,Gold,UK,3934,24,3934,163.91666666666666,0.5333333333333333,2,1
377,47,1,143,25,Basic,USA,1494,20,1494,74.7,0.425531914893617,0,0
378,46,0,102,91,Premium,UK,2044,39,2044,52.41025641025641,0.8478260869565217,2,0
379,63,1,68,46,Basic,India,4921,45,4921,109.35555555555555,0.7142857142857143,0,1
380,23,0,103,87,Premium,Germany,613,45,613,13.622222222222222,1.9565217391304348,1,0
381,52,0,79,30,Premium,Germany,4753,11,4753,432.09090909090907,0.21153846153846154,2,1
382,58,1,90,47,Premium,UK,3231,25,3231,129.24,0.43103448275862066,0,1
383,54,0,74,87,Gold,Germany,3617,15,3617,241.13333333333333,0.2777777777777778,2,1
384,41,1,107,49,Gold,USA,3051,24,3051,127.125,0.5853658536585366,0,1
385,46,0,63,47,Premium,UK,2994,46,2994,65.08695652173913,1.0,2,1
386,66,1,49,84,Basic,Canada,1124,14,1124,80.28571428571429,0.21212121212121213,0,0
387,63,1,116,82,Gold,USA,1186,47,1186,25.23404255319149,0.746031746031746,0,0
388,48,0,25,18,Gold,USA,1577,32,1577,49.28125,0.6666666666666666,2,0
389,52,1,113,66,Gold,USA,1949,18,1949,108.27777777777777,0.34615384615384615,0,0
390,50,1,124,68,Basic,Canada,4836,30,4836,161.2,0.6,0,1
391,69,0,88,94,Gold,India,3021,10,3021,302.1,0.14492753623188406,2,1
392,38,1,23,33,Premium,Germany,3894,12,3894,324.5,0.3157894736842105,0,1
393,49,1,17,36,Basic,UK,1156,10,1156,115.6,0.20408163265306123,0,0
394,40,0,99,82,Premium,India,3112,33,3112,94.3030303030303,0.825,2,1
395,50,0,40,19,Basic,UK,4165,48,4165,86.77083333333333,0.96,2,1
396,20,1,86,28,Basic,Germany,1555,30,1555,51.833333333333336,1.5,1,0
397,35,1,62,40,Basic,Canada,3585,18,3585,199.16666666666666,0.5142857142857142,0,1
398,42,0,131,84,Basic,USA,2974,24,2974,123.91666666666667,0.5714285714285714,2,1
399,59,0,26,97,Premium,USA,1576,24,1576,65.66666666666667,0.4067796610169492,2,0
400,48,1,147,76,Basic,Canada,2687,49,2687,54.83673469387755,1.0208333333333333,0,0
401,20,0,62,15,Gold,India,2679,13,2679,206.07692307692307,0.65,1,0
402,57,1,51,41,Basic,India,1747,14,1747,124.78571428571429,0.24561403508771928,0,0
403,63,1,58,39,Gold,UK,4238,18,4238,235.44444444444446,0.2857142857142857,0,1
404,41,1,29,2,Gold,Canada,632,42,632,15.047619047619047,1.024390243902439,1,0
405,67,1,57,63,Basic,India,568,12,568,47.333333333333336,0.1791044776119403,0,0
406,49,1,101,29,Basic,Canada,848,24,848,35.333333333333336,0.4897959183673469,0,0
407,64,0,84,74,Premium,Germany,868,10,868,86.8,0.15625,2,0
408,39,0,60,66,Basic,USA,643,13,643,49.46153846153846,0.3333333333333333,2,0
409,40,0,122,51,Gold,USA,4328,13,4328,332.9230769230769,0.325,2,1
410,19,0,137,75,Basic,USA,1385,5,1385,277.0,0.2631578947368421,2,0
411,44,1,35,77,Premium,Canada,2788,43,2788,64.83720930232558,0.9772727272727273,0,1
412,59,1,121,10,Basic,Canada,3998,20,3998,199.9,0.3389830508474576,0,1
413,19,1,94,14,Gold,UK,2459,7,2459,351.2857142857143,0.3684210526315789,0,0
414,43,1,61,82,Basic,USA,3530,8,3530,441.25,0.18604651162790697,0,1
415,34,0,131,51,Premium,UK,2636,29,2636,90.89655172413794,0.8529411764705882,2,0
416,57,1,138,73,Basic,USA,916,6,916,152.66666666666666,0.10526315789473684,0,0
417,50,1,39,39,Premium,UK,4304,8,4304,538.0,0.16,0,1
418,26,0,50,28,Gold,UK,3277,45,3277,72.82222222222222,1.7307692307692308,1,1
419,60,0,65,3,Basic,Germany,3212,22,3212,146.0,0.36666666666666664,2,1
420,65,0,29,84,Premium,UK,527,20,527,26.35,0.3076923076923077,2,0
421,56,0,82,70,Basic,Canada,3287,18,3287,182.61111111111111,0.32142857142857145,2,1
422,46,1,35,27,Premium,UK,1699,5,1699,339.8,0.10869565217391304,0,0
423,59,1,33,2,Premium,USA,1749,48,1749,36.4375,0.8135593220338984,0,0
424,43,0,48,93,Premium,UK,2304,7,2304,329.14285714285717,0.16279069767441862,2,0
425,52,1,92,38,Basic,India,2455,42,2455,58.45238095238095,0.8076923076923077,0,0
426,67,1,139,3,Premium,USA,2797,13,2797,215.15384615384616,0.19402985074626866,0,1
427,42,1,131,16,Gold,India,698,41,698,17.024390243902438,0.9761904761904762,1,0
428,41,0,66,94,Premium,USA,1056,36,1056,29.333333333333332,0.8780487804878049,2,0
429,30,1,41,40,Gold,Canada,3187,44,3187,72.43181818181819,1.4666666666666666,1,1
430,24,0,49,2,Premium,Canada,3337,24,3337,139.04166666666666,1.0,1,1
431,53,1,120,81,Gold,Canada,1707,16,1707,106.6875,0.3018867924528302,0,0
432,62,1,16,41,Gold,India,2966,46,2966,64.47826086956522,0.7419354838709677,0,1
433,37,1,91,12,Basic,Germany,2783,18,2783,154.61111111111111,0.4864864864864865,0,1
434,18,0,146,35,Premium,USA,2692,38,2692,70.84210526315789,2.111111111111111,1,0
435,25,1,104,65,Gold,Canada,1081,14,1081,77.21428571428571,0.56,1,0
436,63,0,103,55,Gold,USA,717,24,717,29.875,0.38095238095238093,2,0
437,33,0,108,45,Premium,India,4027,20,4027,201.35,0.6060606060606061,2,1
438,31,0,21,79,Gold,Germany,4354,32,4354,136.0625,1.032258064516129,1,1
439,29,1,109,90,Basic,India,3276,49,3276,66.85714285714286,1.6896551724137931,1,1
440,68,1,122,85,Gold,USA,1559,22,1559,70.86363636363636,0.3235294117647059,0,0
441,40,1,88,62,Gold,Germany,1434,23,1434,62.34782608695652,0.575,0,0
442,32,1,53,49,Gold,Germany,4908,48,4908,102.25,1.5,1,1
443,45,0,85,95,Basic,India,3937,30,3937,131.23333333333332,0.6666666666666666,2,1
444,51,0,70,25,Basic,Canada,1226,23,1226,53.30434782608695,0.45098039215686275,2,0
445,19,0,56,23,Basic,USA,617,8,617,77.125,0.42105263157894735,1,0
446,49,1,50,24,Gold,UK,2870,13,2870,220.76923076923077,0.2653061224489796,0,1
447,40,0,98,38,Basic,UK,1228,25,1228,49.12,0.625,2,0
448,39,1,132,28,Gold,India,1376,38,1376,36.21052631578947,0.9743589743589743,1,0
449,68,0,21,21,Premium,USA,4250,39,4250,108.97435897435898,0.5735294117647058,2,1
450,42,1,68,54,Basic,USA,1535,5,1535,307.0,0.11904761904761904,0,0
451,39,1,143,18,Gold,India,2550,8,2550,318.75,0.20512820512820512,0,0
452,39,0,134,36,Premium,USA,4382,21,4382,208.66666666666666,0.5384615384615384,2,1
453,66,0,120,99,Premium,Canada,3291,31,3291,106.16129032258064,0.4696969696969697,2,1
454,69,0,61,45,Gold,India,4440,42,4440,105.71428571428571,0.6086956521739131,2,1
455,59,0,137,73,Gold,Canada,2367,15,2367,157.8,0.2542372881355932,2,0
456,23,1,133,53,Premium,USA,2527,22,2527,114.86363636363636,0.9565217391304348,1,0
457,32,0,132,30,Gold,India,1635,14,1635,116.78571428571429,0.4375,2,0
458,60,0,35,60,Premium,USA,3086,48,3086,64.29166666666667,0.8,2,1
459,54,0,40,98,Basic,India,4410,13,4410,339.2307692307692,0.24074074074074073,2,1
460,50,1,23,32,Premium,USA,1857,17,1857,109.23529411764706,0.34,0,0
461,25,1,29,67,Gold,Canada,1352,37,1352,36.54054054054054,1.48,1,0
462,61,0,24,67,Gold,Canada,1443,17,1443,84.88235294117646,0.2786885245901639,2,0
463,61,1,136,28,Basic,USA,1608,44,1608,36.54545454545455,0.7213114754098361,0,0
464,22,0,135,44,Gold,India,4292,20,4292,214.6,0.9090909090909091,1,1
465,56,1,139,79,Basic,UK,2297,30,2297,76.56666666666666,0.5357142857142857,0,0
466,21,1,86,41,Premium,Canada,4071,42,4071,96.92857142857143,2.0,1,1
467,23,1,63,63,Premium,Canada,3899,38,3899,102.60526315789474,1.6521739130434783,1,1
468,62,1,105,23,Basic,UK,740,43,740,17.209302325581394,0.6935483870967742,0,0
469,49,0,51,75,Premium,USA,1959,6,1959,326.5,0.12244897959183673,2,0
470,69,0,82,48,Premium,India,698,44,698,15.863636363636363,0.6376811594202898,2,0
471,47,0,64,32,Gold,USA,1317,9,1317,146.33333333333334,0.19148936170212766,2,0
472,64,1,33,57,Basic,Germany,3424,29,3424,118.06896551724138,0.453125,0,1
473,52,0,114,100,Basic,Canada,922,16,922,57.625,0.3076923076923077,2,0
474,57,0,74,33,Basic,Germany,4743,11,4743,431.1818181818182,0.19298245614035087,2,1
475,69,0,103,24,Basic,Canada,2182,17,2182,128.35294117647058,0.2463768115942029,2,0
476,33,1,83,39,Premium,Canada,4007,49,4007,81.77551020408163,1.4848484848484849,1,1
477,30,1,63,34,Basic,Germany,4710,18,4710,261.6666666666667,0.6,0,1
478,67,1,122,56,Premium,Germany,4215,20,4215,210.75,0.29850746268656714,0,1
479,59,0,133,28,Basic,USA,4457,24,4457,185.70833333333334,0.4067796610169492,2,1
480,47,0,51,37,Gold,Germany,3827,30,3827,127.56666666666666,0.6382978723404256,2,1
481,36,0,25,7,Premium,USA,2757,35,2757,78.77142857142857,0.9722222222222222,1,1
482,34,1,92,68,Premium,USA,4306,49,4306,87.87755102040816,1.4411764705882353,1,1
483,36,1,91,37,Basic,USA,1856,19,1856,97.6842105263158,0.5277777777777778,0,0
484,45,0,16,56,Gold,Canada,3267,13,3267,251.30769230769232,0.28888888888888886,2,1
485,43,1,78,65,Gold,Canada,4905,13,4905,377.3076923076923,0.3023255813953488,0,1
486,54,1,49,65,Basic,Germany,3623,43,3623,84.25581395348837,0.7962962962962963,0,1
487,43,1,21,47,Basic,Canada,3800,25,3800,152.0,0.5813953488372093,0,1
488,40,1,99,20,Gold,Germany,2922,21,2922,139.14285714285714,0.525,0,1
489,26,0,81,19,Gold,Canada,1635,32,1635,51.09375,1.2307692307692308,1,0
490,29,1,56,29,Gold,India,556,7,556,79.42857142857143,0.2413793103448276,0,0
491,18,1,132,74,Basic,India,4844,9,4844,538.2222222222222,0.5,0,1
492,18,1,139,60,Gold,Germany,2166,12,2166,180.5,0.6666666666666666,1,0
493,64,1,38,18,Gold,Canada,1863,6,1863,310.5,0.09375,0,0
494,51,0,60,92,Gold,Canada,4662,16,4662,291.375,0.3137254901960784,2,1
495,49,0,33,35,Premium,USA,1685,14,1685,120.35714285714286,0.2857142857142857,2,0
496,65,1,82,43,Gold,UK,3876,35,3876,110.74285714285715,0.5384615384615384,0,1
497,42,1,116,95,Premium,Germany,3697,11,3697,336.09090909090907,0.2619047619047619,0,1
498,57,1,56,91,Basic,UK,4339,18,4339,241.05555555555554,0.3157894736842105,0,1
499,62,1,46,11,Gold,UK,3604,45,3604,80.08888888888889,0.7258064516129032,0,1
500,18,1,123,49,Basic,Germany,799,40,799,19.975,2.2222222222222223,1,0
501,33,1,50,38,Gold,Canada,649,38,649,17.07894736842105,1.1515151515151516,1,0
502,56,0,111,64,Gold,Germany,4897,38,4897,128.8684210526316,0.6785714285714286,2,1
503,22,1,145,69,Premium,UK,2563,40,2563,64.075,1.8181818181818181,1,0
504,39,0,87,8,Basic,Canada,3775,47,3775,80.31914893617021,1.205128205128205,1,1
505,46,0,111,34,Gold,India,1261,15,1261,84.06666666666666,0.32608695652173914,2,0
506,20,1,137,48,Gold,Germany,518,7,518,74.0,0.35,1,0
507,29,0,84,56,Basic,Germany,1806,47,1806,38.42553191489362,1.6206896551724137,1,0
508,43,0,27,76,Basic,Canada,2368,34,2368,69.6470588235294,0.7906976744186046,2,0
509,33,0,63,65,Basic,India,1972,10,1972,197.2,0.30303030303030304,2,0
510,68,0,74,31,Basic,India,2688,15,2688,179.2,0.22058823529411764,2,0
511,54,0,144,4,Basic,Canada,2290,27,2290,84.81481481481481,0.5,2,0
512,39,0,19,50,Basic,USA,3870,31,3870,124.83870967741936,0.7948717948717948,2,1
513,46,1,41,69,Basic,Germany,1146,12,1146,95.5,0.2608695652173913,0,0
514,31,0,22,30,Gold,Germany,4009,13,4009,308.38461538461536,0.41935483870967744,2,1
515,45,0,64,88,Gold,UK,1796,15,1796,119.73333333333333,0.3333333333333333,2,0
516,22,0,81,59,Premium,Canada,1115,27,1115,41.2962962962963,1.2272727272727273,1,0
517,64,1,58,67,Gold,UK,2626,37,2626,70.97297297297297,0.578125,0,0
518,66,0,139,75,Premium,UK,955,39,955,24.487179487179485,0.5909090909090909,2,0
519,47,1,72,45,Premium,India,3267,45,3267,72.6,0.9574468085106383,0,1
520,63,0,17,4,Gold,Germany,4615,5,4615,923.0,0.07936507936507936,2,1
521,69,1,100,26,Gold,UK,4895,7,4895,699.2857142857143,0.10144927536231885,0,1
522,22,1,84,27,Premium,India,3151,29,3151,108.65517241379311,1.3181818181818181,1,1
523,29,0,144,46,Basic,Canada,3260,44,3260,74.0909090909091,1.5172413793103448,1,1
524,33,0,16,64,Basic,UK,3228,30,3228,107.6,0.9090909090909091,2,1
525,43,1,116,91,Gold,Germany,1741,21,1741,82.9047619047619,0.4883720930232558,0,0
526,43,0,49,51,Gold,UK,2328,44,2328,52.90909090909091,1.0232558139534884,2,0
527,65,1,112,50,Basic,Canada,4542,43,4542,105.62790697674419,0.6615384615384615,0,1
528,38,1,44,6,Premium,UK,3122,23,3122,135.7391304347826,0.6052631578947368,0,1
529,56,1,130,59,Gold,Germany,3432,43,3432,79.81395348837209,0.7678571428571429,0,1
530,53,1,22,15,Gold,India,2497,20,2497,124.85,0.37735849056603776,0,0
531,50,1,58,30,Premium,Germany,3695,46,3695,80.32608695652173,0.92,0,1
532,47,0,50,42,Gold,India,4994,42,4994,118.9047619047619,0.8936170212765957,2,1
533,54,1,91,37,Premium,USA,1980,20,1980,99.0,0.37037037037037035,0,0
534,40,1,45,42,Gold,Germany,4945,26,4945,190.19230769230768,0.65,0,1
535,27,0,61,35,Basic,Germany,3691,14,3691,263.64285714285717,0.5185185185185185,2,1
536,22,1,69,87,Premium,Canada,2495,17,2495,146.76470588235293,0.7727272727272727,1,0
537,53,0,120,6,Gold,UK,4990,33,4990,151.21212121212122,0.6226415094339622,2,1
538,51,0,135,68,Premium,India,1843,9,1843,204.77777777777777,0.17647058823529413,2,0
539,69,0,69,18,Premium,India,3831,9,3831,425.6666666666667,0.13043478260869565,2,1
540,48,1,26,73,Premium,Canada,4068,10,4068,406.8,0.20833333333333334,0,1
541,27,1,17,29,Gold,Canada,4398,20,4398,219.9,0.7407407407407407,0,1
542,36,1,44,77,Premium,UK,2059,45,2059,45.75555555555555,1.25,1,0
543,49,0,37,59,Gold,UK,4493,35,4493,128.37142857142857,0.7142857142857143,2,1
544,18,1,106,47,Gold,Germany,4113,17,4113,241.94117647058823,0.9444444444444444,1,1
545,22,0,129,17,Premium,USA,1199,47,1199,25.51063829787234,2.1363636363636362,1,0
546,62,1,118,96,Basic,UK,3489,34,3489,102.61764705882354,0.5483870967741935,0,1
547,21,0,132,22,Gold,Canada,2042,5,2042,408.4,0.23809523809523808,2,0
548,33,1,19,68,Premium,UK,3380,10,3380,338.0,0.30303030303030304,0,1
549,41,1,118,69,Gold,India,3119,31,3119,100.61290322580645,0.7560975609756098,0,1
550,33,1,122,37,Gold,USA,2028,41,2028,49.46341463414634,1.2424242424242424,1,0
551,19,0,79,49,Premium,Germany,1227,11,1227,111.54545454545455,0.5789473684210527,1,0
552,66,0,135,13,Gold,India,3301,42,3301,78.5952380952381,0.6363636363636364,2,1
553,45,1,44,34,Premium,India,4992,9,4992,554.6666666666666,0.2,0,1
554,49,1,98,86,Basic,USA,2917,13,2917,224.3846153846154,0.2653061224489796,0,1
555,44,0,46,53,Basic,Germany,3841,41,3841,93.6829268292683,0.9318181818181818,2,1
556,37,0,30,87,Basic,Canada,3689,44,3689,83.8409090909091,1.1891891891891893,1,1
557,41,0,52,51,Gold,Germany,3513,10,3513,351.3,0.24390243902439024,2,1
558,29,1,50,3,Gold,UK,1323,27,1323,49.0,0.9310344827586207,1,0
559,67,0,128,42,Premium,India,4780,18,4780,265.55555555555554,0.26865671641791045,2,1
560,52,1,80,98,Gold,UK,3781,42,3781,90.02380952380952,0.8076923076923077,0,1
561,50,0,119,32,Gold,Canada,1697,47,1697,36.1063829787234,0.94,2,0
562,50,1,99,51,Basic,UK,1230,31,1230,39.67741935483871,0.62,0,0
563,68,0,16,85,Gold,Germany,1770,14,1770,126.42857142857143,0.20588235294117646,2,0
564,60,0,89,46,Gold,UK,2742,25,2742,109.68,0.4166666666666667,2,1
565,54,0,81,21,Basic,Canada,3618,47,3618,76.97872340425532,0.8703703703703703,2,1
566,29,0,69,44,Basic,Canada,2810,36,2810,78.05555555555556,1.2413793103448276,1,1
567,20,0,20,11,Basic,Canada,2452,26,2452,94.3076923076923,1.3,1,0
568,18,1,100,68,Basic,Germany,4730,13,4730,363.84615384615387,0.7222222222222222,0,1
569,50,0,74,1,Gold,Canada,2556,24,2556,106.5,0.48,2,0
570,57,0,115,92,Basic,India,806,8,806,100.75,0.14035087719298245,2,0
571,27,0,26,63,Gold,Canada,4142,5,4142,828.4,0.18518518518518517,2,1
572,60,1,63,24,Premium,UK,893,9,893,99.22222222222223,0.15,0,0
573,61,0,56,99,Gold,UK,1347,39,1347,34.53846153846154,0.639344262295082,2,0
574,46,1,96,13,Premium,UK,3207,24,3207,133.625,0.5217391304347826,0,1
575,30,0,49,98,Gold,Germany,1196,34,1196,35.1764705882353,1.1333333333333333,1,0
576,29,0,148,11,Gold,UK,3794,12,3794,316.1666666666667,0.41379310344827586,2,1
577,48,1,81,100,Premium,Germany,1353,44,1353,30.75,0.9166666666666666,0,0
578,63,0,94,51,Basic,Germany,4324,13,4324,332.61538461538464,0.20634920634920634,2,1
579,19,1,21,17,Premium,Canada,3343,29,3343,115.27586206896552,1.5263157894736843,1,1
580,68,1,28,99,Basic,India,3753,44,3753,85.29545454545455,0.6470588235294118,0,1
581,67,0,87,82,Gold,Canada,4648,14,4648,332.0,0.208955223880597,2,1
582,52,1,80,86,Basic,Canada,3775,7,3775,539.2857142857143,0.1346153846153846,0,1
583,40,0,105,24,Gold,Germany,4834,47,4834,102.85106382978724,1.175,2,1
584,34,0,144,19,Gold,Germany,4662,28,4662,166.5,0.8235294117647058,2,1
585,43,1,34,37,Gold,UK,2246,40,2246,56.15,0.9302325581395349,0,0
586,25,1,24,85,Basic,UK,2696,49,2696,55.02040816326531,1.96,1,0
587,46,1,39,8,Basic,Canada,3344,20,3344,167.2,0.43478260869565216,0,1
588,43,1,39,28,Basic,USA,2502,38,2502,65.84210526315789,0.8837209302325582,0,0
589,27,0,68,5,Basic,USA,4213,30,4213,140.43333333333334,1.1111111111111112,1,1
590,43,0,47,17,Premium,UK,3428,26,3428,131.84615384615384,0.6046511627906976,2,1
591,51,1,109,36,Basic,USA,4162,49,4162,84.93877551020408,0.9607843137254902,0,1
592,68,0,28,19,Premium,UK,1751,25,1751,70.04,0.36764705882352944,2,0
593,58,0,79,64,Premium,Germany,655,29,655,22.586206896551722,0.5,2,0
594,24,0,124,91,Basic,Canada,4363,27,4363,161.59259259259258,1.125,1,1
595,21,0,94,98,Gold,India,4418,9,4418,490.8888888888889,0.42857142857142855,2,1
596,67,1,68,11,Basic,Canada,3856,11,3856,350.54545454545456,0.16417910447761194,0,1
597,62,1,139,54,Basic,UK,2692,33,2692,81.57575757575758,0.532258064516129,0,0
598,28,0,145,45,Basic,UK,3325,28,3325,118.75,1.0,1,1
599,46,1,148,47,Gold,Canada,4236,9,4236,470.6666666666667,0.1956521739130435,0,1
600,53,1,39,12,Gold,UK,3538,39,3538,90.71794871794872,0.7358490566037735,0,1
601,42,1,131,21,Gold,USA,4778,33,4778,144.78787878787878,0.7857142857142857,0,1
602,38,0,39,11,Gold,USA,4824,7,4824,689.1428571428571,0.18421052631578946,2,1
603,53,0,93,92,Basic,UK,1783,24,1783,74.29166666666667,0.4528301886792453,2,0
604,27,0,82,5,Gold,UK,2763,13,2763,212.53846153846155,0.48148148148148145,2,1
605,54,1,26,81,Premium,USA,780,34,780,22.941176470588236,0.6296296296296297,0,0
606,26,0,46,56,Basic,UK,2781,31,2781,89.70967741935483,1.1923076923076923,1,1
607,41,0,142,20,Basic,UK,2655,37,2655,71.75675675675676,0.9024390243902439,2,0
608,52,1,110,41,Gold,Canada,952,45,952,21.155555555555555,0.8653846153846154,0,0
609,66,0,106,46,Basic,India,4934,27,4934,182.74074074074073,0.4090909090909091,2,1
610,52,0,45,12,Gold,USA,2506,32,2506,78.3125,0.6153846153846154,2,0
611,65,1,92,70,Basic,Canada,4883,5,4883,976.6,0.07692307692307693,0,1
612,53,1,34,17,Basic,India,4326,7,4326,618.0,0.1320754716981132,0,1
613,35,1,74,19,Basic,UK,606,31,606,19.548387096774192,0.8857142857142857,1,0
614,66,0,148,26,Basic,UK,1383,29,1383,47.689655172413794,0.4393939393939394,2,0
615,56,0,107,48,Gold,Canada,1402,26,1402,53.92307692307692,0.4642857142857143,2,0
616,49,0,57,52,Gold,UK,707,39,707,18.128205128205128,0.7959183673469388,2,0
617,41,1,144,96,Premium,Germany,4036,7,4036,576.5714285714286,0.17073170731707318,0,1
618,40,1,74,70,Premium,Canada,704,8,704,88.0,0.2,0,0
619,49,0,45,55,Gold,India,2677,40,2677,66.925,0.8163265306122449,2,0
620,54,0,19,100,Premium,Canada,4104,44,4104,93.27272727272727,0.8148148148148148,2,1
621,29,1,24,75,Basic,USA,1298,48,1298,27.041666666666668,1.6551724137931034,1,0
622,66,1,103,33,Gold,Canada,1408,22,1408,64.0,0.3333333333333333,0,0
623,30,1,144,62,Gold,UK,2727,18,2727,151.5,0.6,0,1
624,40,1,140,88,Basic,UK,1089,36,1089,30.25,0.9,1,0
625,42,0,25,23,Gold,Germany,1150,42,1150,27.38095238095238,1.0,1,0
626,52,1,70,15,Basic,Germany,3865,33,3865,117.12121212121212,0.6346153846153846,0,1
627,58,0,97,27,Gold,Germany,544,25,544,21.76,0.43103448275862066,2,0
628,47,0,113,75,Premium,India,2877,18,2877,159.83333333333334,0.3829787234042553,2,1
629,34,0,87,64,Premium,Germany,2220,41,2220,54.146341463414636,1.2058823529411764,1,0
630,66,1,129,81,Gold,India,1657,30,1657,55.233333333333334,0.45454545454545453,0,0
631,37,1,21,51,Gold,Germany,2584,41,2584,63.02439024390244,1.1081081081081081,1,0
632,65,1,94,53,Gold,India,3646,10,3646,364.6,0.15384615384615385,0,1
633,42,1,111,78,Gold,Canada,954,12,954,79.5,0.2857142857142857,0,0
634,39,0,18,91,Basic,Canada,4371,26,4371,168.1153846153846,0.6666666666666666,2,1
635,30,1,18,82,Gold,UK,1390,8,1390,173.75,0.26666666666666666,0,0
636,36,1,117,92,Gold,India,4072,23,4072,177.04347826086956,0.6388888888888888,0,1
637,66,0,54,51,Premium,USA,2802,49,2802,57.183673469387756,0.7424242424242424,2,1
638,53,1,31,47,Gold,UK,4459,35,4459,127.4,0.660377358490566,0,1
639,29,0,115,4,Gold,Canada,3409,30,3409,113.63333333333334,1.0344827586206897,1,1
640,58,0,117,7,Gold,India,4606,47,4606,98.0,0.8103448275862069,2,1
641,36,0,138,35,Gold,Germany,3004,34,3004,88.3529411764706,0.9444444444444444,2,1
642,29,0,66,48,Gold,USA,1812,40,1812,45.3,1.3793103448275863,1,0
643,26,0,66,73,Basic,Canada,1307,28,1307,46.67857142857143,1.0769230769230769,1,0
644,24,0,138,72,Gold,UK,2512,43,2512,58.41860465116279,1.7916666666666667,1,0
645,45,0,77,45,Premium,India,2210,32,2210,69.0625,0.7111111111111111,2,0
646,31,0,130,81,Gold,USA,2828,45,2828,62.84444444444444,1.4516129032258065,1,1
647,48,1,76,81,Basic,India,1961,29,1961,67.62068965517241,0.6041666666666666,0,0
648,69,1,21,97,Gold,Germany,1333,42,1333,31.738095238095237,0.6086956521739131,0,0
649,36,1,106,96,Premium,UK,4680,23,4680,203.47826086956522,0.6388888888888888,0,1
650,64,1,28,72,Basic,India,509,33,509,15.424242424242424,0.515625,0,0
651,33,0,100,19,Premium,Canada,607,8,607,75.875,0.24242424242424243,2,0
652,22,1,147,63,Premium,UK,4965,48,4965,103.4375,2.1818181818181817,1,1
653,52,0,144,38,Gold,Canada,627,46,627,13.630434782608695,0.8846153846153846,2,0
654,29,1,76,67,Premium,India,1901,36,1901,52.80555555555556,1.2413793103448276,1,0
655,42,1,93,59,Premium,UK,2436,23,2436,105.91304347826087,0.5476190476190477,0,0
656,69,1,72,69,Premium,Canada,3109,36,3109,86.36111111111111,0.5217391304347826,0,1
657,38,0,134,13,Gold,Germany,2181,19,2181,114.78947368421052,0.5,2,0
658,53,1,147,47,Basic,Germany,2836,40,2836,70.9,0.7547169811320755,0,1
659,40,0,79,61,Basic,India,3795,37,3795,102.56756756756756,0.925,2,1
660,33,0,27,31,Gold,UK,3380,37,3380,91.35135135135135,1.121212121212121,1,1
661,56,1,96,80,Basic,USA,3493,19,3493,183.8421052631579,0.3392857142857143,0,1
662,62,1,66,96,Gold,UK,4808,25,4808,192.32,0.4032258064516129,0,1
663,59,1,131,22,Premium,Germany,2338,9,2338,259.77777777777777,0.15254237288135594,0,0
664,56,0,40,93,Premium,Canada,2455,20,2455,122.75,0.35714285714285715,2,0
665,31,1,48,86,Gold,USA,2453,18,2453,136.27777777777777,0.5806451612903226,0,0
666,48,0,66,43,Premium,India,938,27,938,34.74074074074074,0.5625,2,0
667,22,0,126,67,Premium,USA,637,35,637,18.2,1.5909090909090908,1,0
668,52,1,96,54,Gold,India,1044,24,1044,43.5,0.46153846153846156,0,0
669,40,1,56,10,Basic,USA,898,19,898,47.26315789473684,0.475,0,0
670,46,0,35,42,Gold,India,1580,45,1580,35.111111111111114,0.9782608695652174,2,0
671,60,0,56,64,Gold,India,4500,37,4500,121.62162162162163,0.6166666666666667,2,1
672,28,0,127,21,Gold,USA,1246,35,1246,35.6,1.25,1,0
673,35,1,119,80,Gold,USA,817,24,817,34.041666666666664,0.6857142857142857,1,0
674,64,0,31,76,Basic,India,2893,19,2893,152.26315789473685,0.296875,2,1
675,29,1,134,66,Gold,Germany,2436,20,2436,121.8,0.6896551724137931,0,0
676,26,0,143,41,Premium,USA,3007,28,3007,107.39285714285714,1.0769230769230769,1,1
677,27,0,144,24,Gold,UK,4592,28,4592,164.0,1.037037037037037,1,1
678,61,1,74,35,Premium,Canada,1575,47,1575,33.51063829787234,0.7704918032786885,0,0
679,34,0,62,56,Premium,India,3425,41,3425,83.53658536585365,1.2058823529411764,1,1
680,55,1,43,30,Premium,India,1105,41,1105,26.951219512195124,0.7454545454545455,0,0
681,24,1,111,57,Premium,Canada,4227,12,4227,352.25,0.5,0,1
682,63,0,24,94,Premium,Germany,4294,26,4294,165.15384615384616,0.4126984126984127,2,1
683,30,1,72,47,Gold,Canada,939,32,939,29.34375,1.0666666666666667,1,0
684,57,1,35,35,Basic,USA,1472,43,1472,34.23255813953488,0.7543859649122807,0,0
685,59,0,42,19,Gold,Canada,1231,46,1231,26.76086956521739,0.7796610169491526,2,0
686,26,1,48,8,Gold,India,4702,23,4702,204.43478260869566,0.8846153846153846,0,1
687,67,1,22,26,Basic,Canada,3961,6,3961,660.1666666666666,0.08955223880597014,0,1
688,44,1,93,71,Basic,UK,2808,10,2808,280.8,0.22727272727272727,0,1
689,19,0,101,30,Premium,USA,3511,44,3511,79.79545454545455,2.3157894736842106,1,1
690,22,1,102,7,Premium,Canada,3931,43,3931,91.4186046511628,1.9545454545454546,1,1
691,46,0,83,67,Premium,India,4985,30,4985,166.16666666666666,0.6521739130434783,2,1
692,54,0,101,65,Gold,USA,2333,47,2333,49.638297872340424,0.8703703703703703,2,0
693,55,1,115,36,Basic,India,1083,39,1083,27.76923076923077,0.7090909090909091,0,0
694,36,1,22,25,Basic,Germany,4216,7,4216,602.2857142857143,0.19444444444444445,0,1
695,25,1,91,37,Basic,UK,2518,23,2518,109.47826086956522,0.92,1,0
696,65,0,101,1,Basic,Germany,4171,6,4171,695.1666666666666,0.09230769230769231,2,1
697,62,1,57,15,Basic,UK,2999,11,2999,272.6363636363636,0.1774193548387097,0,1
698,18,1,143,37,Premium,Canada,4400,42,4400,104.76190476190476,2.3333333333333335,1,1
699,39,1,123,13,Gold,USA,4664,45,4664,103.64444444444445,1.1538461538461537,1,1
700,69,1,31,8,Basic,Canada,1502,22,1502,68.27272727272727,0.3188405797101449,0,0
701,34,1,147,5,Basic,UK,659,38,659,17.342105263157894,1.1176470588235294,1,0
702,24,0,35,60,Gold,UK,1141,29,1141,39.3448275862069,1.2083333333333333,1,0
703,42,0,72,73,Basic,UK,3118,30,3118,103.93333333333334,0.7142857142857143,2,1
704,62,1,124,1,Premium,India,1238,10,1238,123.8,0.16129032258064516,0,0
705,21,1,149,36,Gold,USA,838,30,838,27.933333333333334,1.4285714285714286,1,0
706,53,1,42,35,Gold,Canada,4555,44,4555,103.52272727272727,0.8301886792452831,0,1
707,23,1,65,66,Basic,Canada,2216,34,2216,65.17647058823529,1.4782608695652173,1,0
708,48,0,19,63,Basic,Germany,1265,23,1265,55.0,0.4791666666666667,2,0
709,36,1,19,23,Gold,UK,2555,44,2555,58.06818181818182,1.2222222222222223,1,0
710,61,0,108,9,Gold,UK,1573,30,1573,52.43333333333333,0.4918032786885246,2,0
711,56,0,110,34,Gold,UK,3714,46,3714,80.73913043478261,0.8214285714285714,2,1
712,44,1,22,46,Basic,Canada,4305,29,4305,148.44827586206895,0.6590909090909091,0,1
713,27,0,78,78,Gold,Germany,4767,49,4767,97.28571428571429,1.8148148148148149,1,1
714,43,0,52,4,Gold,India,3185,17,3185,187.35294117647058,0.3953488372093023,2,1
715,36,0,125,30,Premium,USA,1018,32,1018,31.8125,0.8888888888888888,1,0
716,56,0,126,95,Basic,India,3515,7,3515,502.14285714285717,0.125,2,1
717,20,1,95,75,Basic,Canada,682,26,682,26.23076923076923,1.3,1,0
718,62,1,118,99,Gold,UK,1702,18,1702,94.55555555555556,0.2903225806451613,0,0
719,30,0,87,72,Gold,USA,2907,39,2907,74.53846153846153,1.3,1,1
720,67,1,63,3,Gold,Canada,1033,49,1033,21.081632653061224,0.7313432835820896,0,0
721,45,1,50,14,Gold,Canada,3072,7,3072,438.85714285714283,0.15555555555555556,0,1
722,37,1,140,60,Gold,Canada,3426,15,3426,228.4,0.40540540540540543,0,1
723,45,1,82,77,Premium,USA,784,10,784,78.4,0.2222222222222222,0,0
724,25,1,92,45,Gold,USA,4133,18,4133,229.61111111111111,0.72,0,1
725,58,0,119,96,Premium,Germany,1464,21,1464,69.71428571428571,0.3620689655172414,2,0
726,56,1,136,34,Gold,Germany,1194,41,1194,29.121951219512194,0.7321428571428571,0,0
727,18,1,133,45,Premium,India,3293,25,3293,131.72,1.3888888888888888,1,1
728,20,1,128,61,Premium,USA,2539,38,2539,66.8157894736842,1.9,1,0
729,30,1,24,83,Basic,USA,2832,30,2832,94.4,1.0,1,1
730,45,0,105,16,Premium,USA,3884,24,3884,161.83333333333334,0.5333333333333333,2,1
731,66,0,16,66,Basic,Germany,4613,40,4613,115.325,0.6060606060606061,2,1
732,42,0,132,40,Premium,Canada,3877,15,3877,258.46666666666664,0.35714285714285715,2,1
733,50,0,27,17,Gold,UK,1099,9,1099,122.11111111111111,0.18,2,0
734,55,1,109,34,Basic,Germany,1124,33,1124,34.06060606060606,0.6,0,0
735,23,0,46,16,Gold,USA,2227,6,2227,371.1666666666667,0.2608695652173913,2,0
736,61,1,46,60,Premium,Germany,521,28,521,18.607142857142858,0.45901639344262296,0,0
737,62,1,138,66,Basic,India,748,31,748,24.129032258064516,0.5,0,0
738,49,1,25,66,Gold,USA,4263,22,4263,193.77272727272728,0.4489795918367347,0,1
739,62,1,24,90,Gold,India,4154,40,4154,103.85,0.6451612903225806,0,1
740,64,1,29,13,Premium,USA,2245,21,2245,106.9047619047619,0.328125,0,0
741,38,0,31,56,Gold,Germany,1117,15,1117,74.46666666666667,0.39473684210526316,2,0
742,33,0,73,31,Basic,Canada,3461,13,3461,266.2307692307692,0.3939393939393939,2,1
743,38,0,92,34,Basic,UK,2375,29,2375,81.89655172413794,0.7631578947368421,2,0
744,28,0,138,39,Gold,India,1525,43,1525,35.46511627906977,1.5357142857142858,1,0
745,54,1,128,67,Gold,Germany,2706,39,2706,69.38461538461539,0.7222222222222222,0,0
746,53,0,36,8,Premium,Canada,4399,26,4399,169.19230769230768,0.49056603773584906,2,1
747,52,1,46,87,Basic,Germany,4015,8,4015,501.875,0.15384615384615385,0,1
748,36,0,127,78,Gold,India,1350,37,1350,36.486486486486484,1.0277777777777777,1,0
749,37,1,134,55,Basic,UK,2608,5,2608,521.6,0.13513513513513514,0,0
750,35,1,136,27,Basic,Germany,765,47,765,16.27659574468085,1.3428571428571427,1,0
751,64,0,46,93,Gold,USA,1413,49,1413,28.836734693877553,0.765625,2,0
752,58,1,133,53,Gold,Canada,3839,20,3839,191.95,0.3448275862068966,0,1
753,66,1,53,39,Gold,Germany,4139,41,4139,100.95121951219512,0.6212121212121212,0,1
754,31,0,26,65,Premium,Canada,726,43,726,16.88372093023256,1.3870967741935485,1,0
755,32,1,32,17,Gold,USA,2754,9,2754,306.0,0.28125,0,1
756,48,0,140,30,Premium,UK,1648,6,1648,274.6666666666667,0.125,2,0
757,18,0,60,53,Premium,UK,2760,17,2760,162.35294117647058,0.9444444444444444,1,1
758,20,0,118,13,Gold,USA,2639,25,2639,105.56,1.25,1,0
759,33,1,149,21,Premium,Canada,1458,7,1458,208.28571428571428,0.21212121212121213,0,0
760,40,1,100,19,Gold,Germany,1881,24,1881,78.375,0.6,0,0
761,28,1,103,53,Basic,USA,2537,46,2537,55.15217391304348,1.6428571428571428,1,0
762,29,0,36,19,Gold,India,4958,21,4958,236.0952380952381,0.7241379310344828,2,1
763,27,1,106,57,Basic,Canada,3601,43,3601,83.74418604651163,1.5925925925925926,1,1
764,49,0,43,25,Gold,UK,1280,25,1280,51.2,0.5102040816326531,2,0
765,33,0,27,86,Gold,USA,865,48,865,18.020833333333332,1.4545454545454546,1,0
766,25,1,16,31,Basic,UK,590,27,590,21.85185185185185,1.08,1,0
767,55,0,43,81,Basic,Canada,2856,49,2856,58.285714285714285,0.8909090909090909,2,1
768,29,1,41,55,Premium,UK,4843,46,4843,105.28260869565217,1.5862068965517242,1,1
769,41,1,64,23,Gold,USA,4991,22,4991,226.86363636363637,0.5365853658536586,0,1
770,45,1,109,32,Basic,Canada,1328,40,1328,33.2,0.8888888888888888,0,0
771,25,1,102,62,Gold,India,3694,27,3694,136.8148148148148,1.08,1,1
772,45,1,58,74,Gold,USA,639,13,639,49.15384615384615,0.28888888888888886,0,0
773,53,0,36,10,Gold,Germany,4263,16,4263,266.4375,0.3018867924528302,2,1
774,43,0,111,100,Premium,USA,3144,36,3144,87.33333333333333,0.8372093023255814,2,1
775,25,0,17,72,Gold,Canada,1320,37,1320,35.67567567567568,1.48,1,0
776,67,1,132,54,Basic,USA,847,36,847,23.52777777777778,0.5373134328358209,0,0
777,45,1,33,52,Premium,India,2436,6,2436,406.0,0.13333333333333333,0,0
778,45,1,37,20,Premium,India,4314,14,4314,308.14285714285717,0.3111111111111111,0,1
779,54,0,44,32,Basic,Germany,1448,29,1448,49.93103448275862,0.5370370370370371,2,0
780,58,1,53,14,Basic,UK,1467,35,1467,41.91428571428571,0.603448275862069,0,0
781,53,0,122,50,Basic,Canada,3346,6,3346,557.6666666666666,0.11320754716981132,2,1
782,44,0,125,28,Gold,Canada,4961,36,4961,137.80555555555554,0.8181818181818182,2,1
783,34,1,39,53,Gold,UK,4109,13,4109,316.0769230769231,0.38235294117647056,0,1
784,26,1,142,24,Gold,India,3645,48,3645,75.9375,1.8461538461538463,1,1
785,50,0,125,79,Premium,India,2045,19,2045,107.63157894736842,0.38,2,0
786,37,1,120,22,Premium,USA,1945,27,1945,72.03703703703704,0.7297297297297297,0,0
787,30,0,86,30,Basic,Germany,1248,25,1248,49.92,0.8333333333333334,1,0
788,45,1,143,63,Basic,Germany,3576,9,3576,397.3333333333333,0.2,0,1
789,65,1,122,4,Gold,Germany,4616,11,4616,419.6363636363636,0.16923076923076924,0,1
790,46,0,19,77,Basic,USA,3749,49,3749,76.51020408163265,1.065217391304348,2,1
791,30,1,17,59,Gold,Germany,3467,13,3467,266.6923076923077,0.43333333333333335,0,1
792,63,0,146,87,Premium,UK,885,47,885,18.829787234042552,0.746031746031746,2,0
793,52,1,118,8,Basic,USA,2997,30,2997,99.9,0.5769230769230769,0,1
794,23,0,78,82,Gold,UK,2585,24,2585,107.70833333333333,1.0434782608695652,1,0
795,35,0,120,12,Premium,USA,3763,12,3763,313.5833333333333,0.34285714285714286,2,1
796,68,1,112,31,Gold,Germany,3932,5,3932,786.4,0.07352941176470588,0,1
797,22,0,24,78,Basic,UK,4888,24,4888,203.66666666666666,1.0909090909090908,1,1
798,64,1,142,34,Gold,UK,3411,41,3411,83.1951219512195,0.640625,0,1
799,42,1,60,82,Basic,UK,954,48,954,19.875,1.1428571428571428,1,0
800,19,1,80,98,Premium,USA,3103,40,3103,77.575,2.1052631578947367,1,1
801,27,0,126,75,Basic,Canada,2675,23,2675,116.30434782608695,0.8518518518518519,1,0
802,47,0,27,76,Gold,Germany,3734,20,3734,186.7,0.425531914893617,2,1
803,67,1,100,49,Gold,UK,3791,38,3791,99.76315789473684,0.5671641791044776,0,1
804,62,1,104,79,Premium,Canada,2650,30,2650,88.33333333333333,0.4838709677419355,0,0
805,22,0,72,57,Basic,Germany,617,30,617,20.566666666666666,1.3636363636363635,1,0
806,50,1,68,95,Basic,Germany,4486,26,4486,172.53846153846155,0.52,0,1
807,18,1,26,93,Basic,UK,1373,19,1373,72.26315789473684,1.0555555555555556,1,0
808,35,0,28,26,Basic,UK,1581,16,1581,98.8125,0.45714285714285713,2,0
809,49,1,135,18,Basic,USA,4300,7,4300,614.2857142857143,0.14285714285714285,0,1
810,64,0,135,96,Gold,Canada,4731,40,4731,118.275,0.625,2,1
811,66,1,34,86,Basic,Canada,4893,7,4893,699.0,0.10606060606060606,0,1
812,28,0,89,38,Basic,UK,1383,30,1383,46.1,1.0714285714285714,1,0
813,38,1,84,81,Premium,Germany,793,30,793,26.433333333333334,0.7894736842105263,1,0
814,43,1,70,87,Basic,UK,1748,15,1748,116.53333333333333,0.3488372093023256,0,0
815,42,0,115,88,Basic,Germany,2620,34,2620,77.05882352941177,0.8095238095238095,2,0
816,39,1,146,50,Basic,Germany,942,17,942,55.411764705882355,0.4358974358974359,0,0
817,44,0,125,8,Premium,UK,4719,21,4719,224.71428571428572,0.4772727272727273,2,1
818,66,1,139,41,Basic,India,1187,14,1187,84.78571428571429,0.21212121212121213,0,0
819,30,0,146,6,Premium,Canada,4297,31,4297,138.61290322580646,1.0333333333333334,1,1
820,50,0,34,69,Premium,Germany,2327,28,2327,83.10714285714286,0.56,2,0
821,51,0,38,44,Basic,Germany,1157,39,1157,29.666666666666668,0.7647058823529411,2,0
822,58,0,51,64,Premium,India,4919,37,4919,132.94594594594594,0.6379310344827587,2,1
823,52,1,68,29,Basic,USA,2197,9,2197,244.11111111111111,0.17307692307692307,0,0
824,18,1,117,28,Basic,India,4102,35,4102,117.2,1.9444444444444444,1,1
825,38,0,52,11,Premium,India,3736,48,3736,77.83333333333333,1.263157894736842,1,1
826,65,0,18,65,Gold,Germany,3555,36,3555,98.75,0.5538461538461539,2,1
827,23,0,71,19,Gold,Canada,3526,34,3526,103.70588235294117,1.4782608695652173,1,1
828,45,1,34,9,Basic,India,730,13,730,56.15384615384615,0.28888888888888886,0,0
829,34,1,31,27,Gold,USA,4747,27,4747,175.8148148148148,0.7941176470588235,0,1
830,22,1,133,34,Premium,UK,534,7,534,76.28571428571429,0.3181818181818182,0,0
831,48,1,85,44,Basic,India,621,48,621,12.9375,1.0,1,0
832,22,0,18,68,Basic,India,2420,41,2420,59.02439024390244,1.8636363636363635,1,0
833,55,0,28,100,Basic,USA,624,30,624,20.8,0.5454545454545454,2,0
834,20,0,17,82,Basic,Canada,3792,44,3792,86.18181818181819,2.2,1,1
835,40,1,94,15,Premium,India,4257,16,4257,266.0625,0.4,0,1
836,54,1,69,51,Gold,India,2299,27,2299,85.14814814814815,0.5,0,0
837,54,1,146,13,Premium,Canada,2028,31,2028,65.41935483870968,0.5740740740740741,0,0
838,27,0,134,83,Basic,USA,3058,30,3058,101.93333333333334,1.1111111111111112,1,1
839,27,0,38,49,Gold,India,574,7,574,82.0,0.25925925925925924,2,0
840,36,1,96,70,Basic,Canada,2658,43,2658,61.81395348837209,1.1944444444444444,1,0
841,34,0,74,56,Basic,India,1418,44,1418,32.22727272727273,1.2941176470588236,1,0
842,38,1,63,76,Basic,UK,3357,30,3357,111.9,0.7894736842105263,0,1
843,31,1,77,51,Basic,Germany,2701,19,2701,142.1578947368421,0.6129032258064516,0,0
844,26,0,124,37,Gold,UK,3333,18,3333,185.16666666666666,0.6923076923076923,2,1
845,63,1,123,17,Premium,India,3216,32,3216,100.5,0.5079365079365079,0,1
846,18,0,90,58,Gold,USA,641,21,641,30.523809523809526,1.1666666666666667,1,0
847,68,1,44,87,Basic,Germany,3569,7,3569,509.85714285714283,0.10294117647058823,0,1
848,62,0,72,90,Basic,UK,827,47,827,17.595744680851062,0.7580645161290323,2,0
849,30,0,131,29,Basic,Canada,2803,41,2803,68.36585365853658,1.3666666666666667,1,1
850,21,0,114,33,Gold,USA,4760,30,4760,158.66666666666666,1.4285714285714286,1,1
851,18,1,33,60,Premium,UK,4619,41,4619,112.65853658536585,2.2777777777777777,1,1
852,66,1,108,91,Premium,Canada,1272,12,1272,106.0,0.18181818181818182,0,0
853,57,0,127,89,Basic,India,1944,13,1944,149.53846153846155,0.22807017543859648,2,0
854,49,0,77,55,Gold,Canada,3711,12,3711,309.25,0.24489795918367346,2,1
855,51,1,130,10,Gold,UK,4764,44,4764,108.27272727272727,0.8627450980392157,0,1
856,45,1,127,47,Gold,UK,3032,40,3032,75.8,0.8888888888888888,0,1
857,48,1,61,23,Gold,India,3318,38,3318,87.3157894736842,0.7916666666666666,0,1
858,25,0,71,85,Gold,Canada,2518,33,2518,76.3030303030303,1.32,1,0
859,56,1,132,21,Gold,Canada,4593,49,4593,93.73469387755102,0.875,0,1
860,43,1,59,13,Basic,India,2299,48,2299,47.895833333333336,1.1162790697674418,1,0
861,51,0,18,33,Premium,Canada,4929,18,4929,273.8333333333333,0.35294117647058826,2,1
862,20,1,61,24,Basic,India,2393,37,2393,64.67567567567568,1.85,1,0
863,67,1,61,11,Gold,USA,2531,11,2531,230.0909090909091,0.16417910447761194,0,0
864,29,1,92,17,Gold,UK,2791,19,2791,146.89473684210526,0.6551724137931034,0,1
865,18,0,138,68,Gold,USA,3373,17,3373,198.41176470588235,0.9444444444444444,1,1
866,61,0,89,47,Premium,Germany,3503,8,3503,437.875,0.13114754098360656,2,1
867,22,0,117,25,Premium,Germany,2978,49,2978,60.775510204081634,2.227272727272727,1,1
868,47,0,104,94,Premium,Germany,4719,29,4719,162.72413793103448,0.6170212765957447,2,1
869,47,0,83,73,Gold,India,543,38,543,14.289473684210526,0.8085106382978723,2,0
870,34,0,75,21,Gold,Canada,2386,19,2386,125.57894736842105,0.5588235294117647,2,0
871,65,0,64,84,Gold,USA,4855,11,4855,441.3636363636364,0.16923076923076924,2,1
872,64,1,17,83,Premium,USA,4207,42,4207,100.16666666666667,0.65625,0,1
873,40,1,121,83,Gold,USA,3884,40,3884,97.1,1.0,0,1
874,32,0,127,12,Premium,USA,4567,23,4567,198.56521739130434,0.71875,2,1
875,54,1,108,37,Premium,Germany,2670,30,2670,89.0,0.5555555555555556,0,0
876,38,1,132,42,Gold,USA,3435,10,3435,343.5,0.2631578947368421,0,1
877,31,0,95,17,Basic,Canada,654,21,654,31.142857142857142,0.6774193548387096,1,0
878,19,1,123,48,Basic,Germany,3533,38,3533,92.97368421052632,2.0,1,1
879,28,1,65,28,Premium,USA,2218,14,2218,158.42857142857142,0.5,0,0
880,68,1,49,41,Basic,India,838,15,838,55.86666666666667,0.22058823529411764,0,0
881,56,1,60,99,Premium,UK,2830,35,2830,80.85714285714286,0.625,0,1
882,55,1,83,47,Gold,UK,4483,49,4483,91.48979591836735,0.8909090909090909,0,1
883,51,0,107,18,Gold,UK,2289,9,2289,254.33333333333334,0.17647058823529413,2,0
884,55,0,78,78,Premium,Germany,4716,16,4716,294.75,0.2909090909090909,2,1
885,67,0,63,99,Gold,USA,4844,16,4844,302.75,0.23880597014925373,2,1
886,51,1,88,71,Gold,Germany,2943,18,2943,163.5,0.35294117647058826,0,1
887,35,0,19,13,Gold,Canada,1085,12,1085,90.41666666666667,0.34285714285714286,2,0
888,47,1,114,82,Basic,India,2950,14,2950,210.71428571428572,0.2978723404255319,0,1
889,32,1,84,13,Premium,India,890,41,890,21.70731707317073,1.28125,1,0
890,44,1,104,100,Basic,UK,2954,48,2954,61.541666666666664,1.0909090909090908,1,1
891,68,1,18,31,Premium,UK,4314,34,4314,126.88235294117646,0.5,0,1
892,51,0,140,2,Premium,UK,4165,19,4165,219.21052631578948,0.37254901960784315,2,1
893,69,0,53,16,Basic,USA,1879,39,1879,48.17948717948718,0.5652173913043478,2,0
894,55,1,143,9,Gold,Canada,4181,8,4181,522.625,0.14545454545454545,0,1
895,50,0,38,73,Gold,Canada,3112,11,3112,282.90909090909093,0.22,2,1
896,41,1,71,38,Basic,Canada,3528,38,3528,92.84210526315789,0.926829268292683,0,1
897,32,0,114,75,Premium,Canada,1317,45,1317,29.266666666666666,1.40625,1,0
898,47,0,84,54,Basic,UK,3638,40,3638,90.95,0.851063829787234,2,1
899,59,1,55,56,Basic,India,2694,45,2694,59.86666666666667,0.7627118644067796,0,0
900,68,0,74,86,Gold,UK,4978,5,4978,995.6,0.07352941176470588,2,1
901,34,1,122,97,Gold,Canada,3799,33,3799,115.12121212121212,0.9705882352941176,1,1
902,22,0,71,100,Gold,UK,4057,10,4057,405.7,0.45454545454545453,2,1
903,46,1,45,87,Premium,Canada,3032,30,3032,101.06666666666666,0.6521739130434783,0,1
904,21,1,98,45,Gold,Germany,2499,8,2499,312.375,0.38095238095238093,0,0
905,27,0,50,34,Gold,India,2685,16,2685,167.8125,0.5925925925925926,2,0
906,34,0,122,9,Basic,Germany,2316,18,2316,128.66666666666666,0.5294117647058824,2,0
907,27,1,120,88,Basic,USA,3734,34,3734,109.82352941176471,1.2592592592592593,1,1
908,34,0,100,8,Basic,UK,2769,36,2769,76.91666666666667,1.0588235294117647,1,1
909,37,0,149,7,Basic,USA,1908,46,1908,41.47826086956522,1.2432432432432432,1,0
910,41,1,28,36,Gold,UK,744,34,744,21.88235294117647,0.8292682926829268,1,0
911,22,1,134,18,Basic,Germany,4601,25,4601,184.04,1.1363636363636365,1,1
912,51,0,94,3,Basic,Canada,4240,28,4240,151.42857142857142,0.5490196078431373,2,1
913,23,1,120,28,Basic,Canada,625,28,625,22.321428571428573,1.2173913043478262,1,0
914,19,1,84,70,Premium,UK,4339,19,4339,228.3684210526316,1.0,1,1
915,30,1,58,44,Premium,Canada,717,44,717,16.295454545454547,1.4666666666666666,1,0
916,60,0,87,21,Gold,Germany,2444,34,2444,71.88235294117646,0.5666666666666667,2,0
917,60,0,59,28,Premium,Canada,1441,40,1441,36.025,0.6666666666666666,2,0
918,65,1,121,54,Premium,Germany,4942,38,4942,130.05263157894737,0.5846153846153846,0,1
919,28,0,98,54,Gold,USA,3611,10,3611,361.1,0.35714285714285715,2,1
920,68,1,96,65,Basic,Germany,2753,49,2753,56.183673469387756,0.7205882352941176,0,1
921,64,0,121,100,Premium,India,2376,22,2376,108.0,0.34375,2,0
922,40,1,35,21,Gold,India,3192,27,3192,118.22222222222223,0.675,0,1
923,33,1,21,99,Gold,India,3319,17,3319,195.23529411764707,0.5151515151515151,0,1
924,48,0,84,13,Premium,UK,4455,17,4455,262.05882352941177,0.3541666666666667,2,1
925,28,1,141,57,Gold,UK,2032,6,2032,338.6666666666667,0.21428571428571427,0,0
926,33,0,134,49,Gold,UK,3226,16,3226,201.625,0.48484848484848486,2,1
927,25,0,142,54,Premium,Germany,1518,21,1518,72.28571428571429,0.84,1,0
928,21,1,71,10,Basic,UK,1390,42,1390,33.095238095238095,2.0,1,0
929,57,1,72,53,Gold,USA,1827,42,1827,43.5,0.7368421052631579,0,0
930,21,0,35,44,Gold,India,1823,30,1823,60.766666666666666,1.4285714285714286,1,0
931,42,1,96,47,Gold,Germany,1084,17,1084,63.76470588235294,0.40476190476190477,0,0
932,20,1,83,53,Premium,India,4063,14,4063,290.2142857142857,0.7,0,1
933,49,1,145,74,Basic,UK,3332,7,3332,476.0,0.14285714285714285,0,1
934,20,1,101,46,Gold,Germany,3555,43,3555,82.67441860465117,2.15,1,1
935,44,1,63,13,Basic,Canada,3717,26,3717,142.96153846153845,0.5909090909090909,0,1
936,46,0,129,37,Gold,USA,3640,8,3640,455.0,0.17391304347826086,2,1
937,49,0,103,24,Gold,UK,3742,39,3742,95.94871794871794,0.7959183673469388,2,1
938,67,1,99,2,Premium,UK,802,45,802,17.822222222222223,0.6716417910447762,0,0
939,68,1,142,86,Basic,USA,3352,38,3352,88.21052631578948,0.5588235294117647,0,1
940,36,1,131,81,Gold,USA,1758,24,1758,73.25,0.6666666666666666,0,0
941,38,0,141,100,Basic,Canada,787,11,787,71.54545454545455,0.2894736842105263,2,0
942,22,1,85,14,Premium,UK,1224,26,1224,47.07692307692308,1.1818181818181819,1,0
943,35,0,100,10,Premium,UK,3609,39,3609,92.53846153846153,1.1142857142857143,1,1
944,45,0,47,35,Premium,India,1367,17,1367,80.41176470588235,0.37777777777777777,2,0
945,59,0,95,25,Premium,Germany,1658,39,1658,42.51282051282051,0.6610169491525424,2,0
946,39,1,75,3,Premium,Germany,2716,18,2716,150.88888888888889,0.46153846153846156,0,1
947,38,0,75,17,Basic,India,1184,15,1184,78.93333333333334,0.39473684210526316,2,0
948,23,1,112,12,Basic,Germany,2243,14,2243,160.21428571428572,0.6086956521739131,0,0
949,18,0,42,54,Gold,USA,2313,9,2313,257.0,0.5,2,0
950,22,1,57,24,Premium,Germany,1644,13,1644,126.46153846153847,0.5909090909090909,1,0
951,58,0,100,29,Premium,Germany,4194,19,4194,220.73684210526315,0.3275862068965517,2,1
952,29,1,31,43,Basic,India,3021,38,3021,79.5,1.3103448275862069,1,1
953,43,0,112,25,Premium,Canada,1992,13,1992,153.23076923076923,0.3023255813953488,2,0
954,63,1,112,100,Gold,Germany,3593,25,3593,143.72,0.3968253968253968,0,1
955,51,1,79,60,Gold,Germany,1193,47,1193,25.382978723404257,0.9215686274509803,0,0
956,66,1,88,90,Basic,Canada,725,45,725,16.11111111111111,0.6818181818181818,0,0
957,31,1,99,65,Basic,India,3047,29,3047,105.06896551724138,0.9354838709677419,1,1
958,43,0,19,84,Gold,Canada,4037,19,4037,212.47368421052633,0.4418604651162791,2,1
959,62,0,16,28,Gold,India,3273,18,3273,181.83333333333334,0.2903225806451613,2,1
960,44,1,36,16,Basic,USA,4830,15,4830,322.0,0.3409090909090909,0,1
961,26,0,126,47,Gold,India,4234,6,4234,705.6666666666666,0.23076923076923078,2,1
962,43,1,71,81,Premium,USA,4756,47,4756,101.19148936170212,1.0930232558139534,0,1
963,64,1,80,92,Premium,USA,3021,12,3021,251.75,0.1875,0,1
964,39,0,88,58,Premium,India,3041,34,3041,89.44117647058823,0.8717948717948718,2,1
965,64,1,112,76,Basic,UK,1154,34,1154,33.94117647058823,0.53125,0,0
966,47,1,126,27,Basic,India,1086,46,1086,23.608695652173914,0.9787234042553191,1,0
967,60,0,139,53,Gold,Germany,599,39,599,15.35897435897436,0.65,2,0
968,65,1,100,42,Gold,Germany,2718,42,2718,64.71428571428571,0.6461538461538462,0,1
969,34,1,90,59,Basic,UK,4815,16,4815,300.9375,0.47058823529411764,0,1
970,43,1,102,47,Basic,USA,856,9,856,95.11111111111111,0.20930232558139536,0,0
971,53,1,52,94,Gold,UK,3391,13,3391,260.84615384615387,0.24528301886792453,0,1
972,18,0,73,34,Basic,Germany,1110,21,1110,52.857142857142854,1.1666666666666667,1,0
973,25,0,113,37,Basic,UK,2507,5,2507,501.4,0.2,2,0
974,66,0,77,6,Basic,India,1267,22,1267,57.59090909090909,0.3333333333333333,2,0
975,52,1,63,7,Basic,UK,4115,21,4115,195.95238095238096,0.40384615384615385,0,1
976,69,1,46,96,Gold,USA,1245,41,1245,30.365853658536587,0.5942028985507246,0,0
977,32,0,149,96,Gold,India,1641,38,1641,43.18421052631579,1.1875,1,0
978,64,1,35,25,Gold,Canada,4702,42,4702,111.95238095238095,0.65625,0,1
979,39,1,34,33,Basic,Germany,3930,6,3930,655.0,0.15384615384615385,0,1
980,31,1,141,55,Basic,Germany,1705,11,1705,155.0,0.3548387096774194,0,0
981,43,1,82,58,Gold,UK,3619,27,3619,134.03703703703704,0.627906976744186,0,1
982,45,0,124,7,Gold,India,1655,22,1655,75.22727272727273,0.4888888888888889,2,0
983,40,0,130,57,Gold,Canada,3066,46,3066,66.65217391304348,1.15,1,1
984,31,0,134,12,Basic,India,3900,21,3900,185.71428571428572,0.6774193548387096,2,1
985,41,1,93,16,Premium,Germany,2203,36,2203,61.19444444444444,0.8780487804878049,0,0
986,19,0,130,80,Basic,India,2009,17,2009,118.17647058823529,0.8947368421052632,1,0
987,62,0,106,43,Gold,Canada,951,37,951,25.7027027027027,0.5967741935483871,2,0
988,43,1,28,100,Gold,UK,4355,42,4355,103.69047619047619,0.9767441860465116,0,1
989,31,1,139,77,Gold,USA,3962,19,3962,208.52631578947367,0.6129032258064516,0,1
990,68,0,72,7,Basic,India,3724,45,3724,82.75555555555556,0.6617647058823529,2,1
991,24,0,42,100,Gold,USA,4099,36,4099,113.86111111111111,1.5,1,1
992,20,0,40,51,Premium,Germany,940,17,940,55.294117647058826,0.85,1,0
993,64,0,127,73,Basic,UK,2540,18,2540,141.11111111111111,0.28125,2,0
994,40,1,80,32,Basic,UK,2784,22,2784,126.54545454545455,0.55,0,1
995,63,0,145,75,Basic,India,1068,35,1068,30.514285714285716,0.5555555555555556,2,0
996,60,0,58,8,Premium,UK,2866,36,2866,79.61111111111111,0.6,2,1
997,64,1,111,97,Basic,India,679,37,679,18.35135135135135,0.578125,0,0
998,62,0,56,87,Premium,India,1999,25,1999,79.96,0.4032258064516129,2,0
999,35,1,20,89,Gold,USA,514,45,514,11.422222222222222,1.2857142857142858,1,0
1000,55,1,37,72,Premium,UK,4365,5,4365,873.0,0.09090909090909091,0,1
